tollID,company,name,latitude,longitude
AM01,AM,??????? ??????? ???????? ???????? (???? ?????),40.51974,22.57247
AM02,AM,??????? ??????? ???????? ???????? (???? ???????????),40.51943,22.57290
AM03,AM,??????? ??????? ??????????? ???????? (???? ?????),39.80461,22.50252
AM04,AM,??????? ??????? ??????????? ???????? (???? ???????????),39.80427,22.50270
AM05,AM,??????? ??????? ??????????? ???????? (???? ?????),39.52294,22.55670
AM06,AM,??????? ??????? ??????????? ???????? (???? ???????????),39.52292,22.55705
AM07,AM,??????? ??????? ??????????? ???????? (???? ?????),40.03581,22.56973
AM08,AM,??????? ??????? ??????????? ???????? (???? ???????????),40.03565,22.56999
AM09,AM,??????? ??????? ????????? ???????? (???? ?????),38.92051,22.84637
AM10,AM,??????? ??????? ????????? ???????? (???? ???????????),38.92015,22.84633
AM11,AM,??????? ??????? ???????? ???????? (??? ?????),39.74348,22.47595
AM12,AM,??????? ??????? ???????? ???????? (???? ?????),39.74499,22.47529
AM13,AM,??????? ??????? ???????????? ???????? (??? ???????????),39.82932,22.51144
AM14,AM,??????? ??????? ???????????? ???????? (???? ???????????),39.82932,22.51359
AM15,AM,??????? ??????? ??????? ???????? (??? ?????),39.49450,22.62619
AM16,AM,??????? ??????? ??????? ???????? (???? ?????),39.49332,22.61891
AM17,AM,??????? ??????? ??????????? ???????? (??? ?????),39.79680,22.49904
AM18,AM,??????? ??????? ??????? ??????????? ???????? (??? ?????),39.44227,22.68931
AM19,AM,??????? ??????? ??????? ??????????? ???????? (???? ?????),39.44117,22.68652
AM20,AM,??????? ??????? ???????? ???????? (???? ?????),39.90926,22.62438
AM21,AM,??????? ??????? ???????? ???????? (???? ???????????),39.90894,22.62438
AM22,AM,??????? ??????? ?????????? ???????? (??? ?????),39.38855,22.76817
AM23,AM,??????? ??????? ?????????? ???????? (???? ?????),39.38900,22.76446
AM24,AM,??????? ??????? ?????????? ???????? (???? ?????),39.39075,22.76492
AM25,AM,??????? ??????? ??????????? ???????? (??? ???????????),40.04498,22.56406
AM26,AM,??????? ??????? ??????????? ???????? (???? ???????????),40.04503,22.56537
AM27,AM,??????? ??????? ????????? ???????? (??? ?????),39.98173,22.62521
AM28,AM,??????? ??????? ????????? ???????? (???? ?????),39.98173,22.62488
AM29,AM,??????? ??????? ?????? ???????? (??? ???????????),38.94941,22.87566
AM30,AM,??????? ??????? ?????? ???????? (???? ???????????),38.94799,22.87658
EG01,EG,??????? ??????? ???????? ?????? ???????? (???? ???????),38.94008,20.76598
EG02,EG,??????? ??????? ???????? ?????? ???????? (???? ???????),38.94000,20.76634
EG03,EG,??????? ??????? ???????? ???????? (???? ???????????),40.94466,26.20525
EG04,EG,??????? ??????? ???????? ???????? (???? ??????),40.94448,26.20509
EG05,EG,??????? ??????? ?????? ???????? (???? ????/????),41.01349,25.53327
EG06,EG,??????? ??????? ?????? ???????? (???? ???????????),41.01347,25.53349
EG07,EG,??????? ??????? ???????? ???????? (???? ????/????),40.70685,23.19131
EG08,EG,??????? ??????? ???????? ???????? (???? ???????????),40.70687,23.19166
EG09,EG,??????? ??????? ??????????? ???????? (???? ??????????????),40.72626,23.69369
EG10,EG,??????? ??????? ??????????? ???????? (???? ???????????),40.72651,23.69370
EG11,EG,??????? ??????? ???????????? ???????? (???? ??????????????),40.69605,22.89561
EG12,EG,??????? ??????? ???????????? ???????? (???? ???????????),40.69621,22.89602
EG13,EG,??????? ??????? ???????? ???????? (???? ?????),40.60257,22.69825
EG14,EG,??????? ??????? ???????? ???????? (???? ???????????),40.60222,22.69828
EG15,EG,??????? ??????? ?????????? ???????? (???? ????/????),39.61861,20.94787
EG16,EG,??????? ??????? ?????????? ???????? (???? ???????????),39.61887,20.94798
EG17,EG,??????? ??????? ?????? ???????? (???? ????/????),39.54018,20.67424
EG18,EG,??????? ??????? ?????? ???????? (???? ???????????),39.54018,20.67446
EG19,EG,??????? ??????? ??????? ???????? (???? ????/????),40.95970,24.47231
EG20,EG,??????? ??????? ??????? ???????? (???? ???????????),40.95996,24.47252
EG21,EG,??????? ??????? ????????? ???????? (???? ????/????),40.85810,24.16227
EG22,EG,??????? ??????? ????????? ???????? (???? ???????????),40.85828,24.16236
EG23,EG,??????? ??????? ????????? ???????? (???? ?????????????),40.57450,21.06155
EG24,EG,??????? ??????? ????????? ???????? (???? ????????),40.57463,21.06136
EG25,EG,??????? ??????? ??????? ???????? (???? ???????),41.10873,22.55840
EG26,EG,??????? ??????? ??????? ???????? (???? ??????),41.10865,22.55872
EG27,EG,??????? ??????? ????????? ???????? (???? ????/????),40.36719,22.06011
EG28,EG,??????? ??????? ????????? ???????? (???? ???????????),40.36724,22.06038
EG29,EG,??????? ??????? ????????? ???????? (???? ????/????),40.25640,21.63294
EG30,EG,??????? ??????? ????????? ???????? (???? ???????????),40.25663,21.63296
EG31,EG,??????? ??????? ?????? ???????? (???? ????/????),41.12035,25.08013
EG32,EG,??????? ??????? ?????? ???????? (???? ???????????),41.12048,25.08019
EG33,EG,??????? ??????? ????????? ???????? (???? ?????????),41.36410,23.35685
EG34,EG,??????? ??????? ????????? ???????? (???? ??????),41.36428,23.35673
EG35,EG,??????? ??????? ??????????? ???????? (???? ???????????),41.04377,23.29506
EG36,EG,??????? ??????? ??????????? ???????? (???? ??????),41.04362,23.29504
EG37,EG,??????? ??????? ?????????? ???????? (???? ????/????),39.78944,21.26681
EG38,EG,??????? ??????? ?????????? ???????? (???? ???????????),39.78979,21.26626
EG39,EG,??????? ??????? ?????? ???????? (??? ????/????),40.96176,25.64339
EG40,EG,??????? ??????? ?????? ???????? (???? ????/????),40.96122,25.64278
EG41,EG,??????? ??????? ?????????? ???????? (??? ????/????),40.70133,23.37106
EG42,EG,??????? ??????? ?????????? ???????? (???? ????/????),40.70003,23.37042
EG43,EG,??????? ??????? ??????? ???????? (??????? ???? ???????????),40.74036,23.01134
EG44,EG,??????? ??????? ??????? ???????? (??????? ???? ???????????),40.74041,23.00921
EG45,EG,??????? ??????? ??????? ???????? (?????? ??? ???????????),40.73708,23.00886
EG46,EG,??????? ??????? ??????????? ???????? (??? ???????????),40.70963,23.68233
EG47,EG,??????? ??????? ??????????? ???????? (???? ???????????),40.70969,23.68007
EG48,EG,??????? ??????? ??????? ???????? (??? ????/????),40.68507,23.25728
EG49,EG,??????? ??????? ??????? ???????? (???? ????/????),40.68298,23.26014
EG50,EG,??????? ??????? ????? ?????? ???????? (??? ????/????),40.87301,24.29632
EG51,EG,??????? ??????? ????? ?????? ???????? (???? ????/????),40.87425,24.29886
EG52,EG,??????? ??????? ?????? ??????? ???????? (??? ???????????),40.95475,24.46490
EG53,EG,??????? ??????? ?????? ??????? ???????? (???? ???????????),40.95614,24.46335
EG54,EG,??????? ??????? ?????????????? ???????? (??? ????/????),40.88656,24.23466
EG55,EG,??????? ??????? ?????????????? ???????? (???? ????/????),40.88405,24.23595
EG56,EG,??????? ??????? ????????? ???????? (??? ???????????),40.83828,24.11487
EG57,EG,??????? ??????? ????????? ???????? (???? ???????????),40.84142,24.11660
EG58,EG,??????? ??????? ??????? ???????? ???????? (??? ???????????),40.78273,23.95742
EG59,EG,??????? ??????? ??????? ???????? ???????? (???? ???????????),40.78738,23.95591
EG60,EG,??????? ??????? ??????????? ???????? (??? ??????????),40.98913,22.60377
EG61,EG,??????? ??????? ??????????? ???????? (???? ??????????),40.98902,22.60492
EG62,EG,??????? ??????? ???????? ???????? (??? ????/????),40.29780,21.68065
EG63,EG,??????? ??????? ???????? ???????? (???? ????/????),40.30186,21.69036
EG64,EG,??????? ??????? ????????? ????????? ???????? (??? ???????????),40.23622,21.57988
EG65,EG,??????? ??????? ????????? ????????? ???????? (???? ???????????),40.23697,21.57984
EG66,EG,??????? ??????? ???????? ???????? (??? ??????????? ???? ?????),41.09622,24.94660
EG67,EG,??????? ??????? ???????? ???????? (??? ??????????? ???? ????? ?????),41.09518,24.94467
EG68,EG,??????? ??????? ???????? ???????? (??? ????? ???? ???????????),41.09463,24.93714
EG69,EG,??????? ??????? ???????? ???????? (??? ????? ????? ???? ???????????),41.09820,24.94494
EG70,EG,??????? ??????? ?????? ???????? (??? ????/????),41.11714,25.18443
EG71,EG,??????? ??????? ?????? ???????? (???? ????/????),41.11562,25.18446
EG72,EG,??????? ??????? ??.??. ????????? ???????? (??? ???????????),41.05960,25.47539
EG73,EG,??????? ??????? ??.??. ????????? ???????? (???? ???????????),41.06149,25.47661
EG74,EG,??????? ??????? ???????? ????????,39.78578,21.29482
GE01,GE,??????? ??????? ??????? ???? ????????? ???????? (???? ????????),38.33383,21.76604
GE02,GE,??????? ??????? ??????? ???? ????????? ???????? (???? ???),38.33381,21.76581
KO01,KO,??????? ??????? ??????? ???????? (???? ?????),39.25717,22.08299
KO02,KO,??????? ??????? ??????? ???????? (???? ???????),39.25691,22.08320
KO03,KO,??????? ??????? ???????? ???????? (???? ?????),39.52040,21.83212
KO04,KO,??????? ??????? ???????? ???????? (???? ???????),39.52022,21.83249
KO05,KO,??????? ??????? ????? ??????? ???????? (???? ?????),38.80835,22.60256
KO06,KO,??????? ??????? ????? ??????? ???????? (???? ???????????),38.80869,22.60270
KO07,KO,??????? ??????? ????????????? ???????? (???? ?????),38.91517,22.34873
KO08,KO,??????? ??????? ????????????? ???????? (???? ???????),38.91495,22.34906
KO09,KO,??????? ??????? ????????????? ???????? (???? ?????),38.90419,22.52794
KO10,KO,??????? ??????? ????????????? ???????? (???? ???????????),38.90403,22.52754
KO11,KO,??????? ??????? ??????? ???????? (??? ?????),39.21048,22.06925
KO12,KO,??????? ??????? ??????? ???????? (???? ?????),39.21025,22.06905
KO13,KO,??????? ??????? ????????? ???????? (??? ?????),39.47480,21.90310
KO14,KO,??????? ??????? ????????? ???????? (???? ?????),39.47460,21.90324
KO15,KO,??????? ??????? ?????????? ???????? (??? ?????????),39.70028,21.60858
KO16,KO,??????? ??????? ?????????? ???????? (???? ?????????),39.69975,21.61080
KO17,KO,??????? ??????? ???????? ???????? (??? ???????),39.56901,21.81829
KO18,KO,??????? ??????? ???????? ???????? (???? ???????),39.56879,21.81811
KO19,KO,??????? ??????? ????? ??????? ???????? (??? ???/????),38.90377,22.57063
KO20,KO,??????? ??????? ????? ??????? ???????? (???? ???/????),38.90305,22.56907
KO21,KO,??????? ??????? ?????????? ???????? (??? ???????????),38.79929,22.50926
KO22,KO,??????? ??????? ?????????? ???????? (???? ???????????),38.79959,22.51118
KO23,KO,??????? ??????? ????? ???????? (??? ?????),38.80267,22.64938
KO24,KO,??????? ??????? ????? ???????? (???? ?????),38.80290,22.64952
KO25,KO,??????? ??????? ???????? ???????? (??? ???????????),38.91363,22.65900
KO26,KO,??????? ??????? ???????? ???????? (???? ???????????),38.91357,22.65774
MO01,MO,??????? ??????? ?????????? ???????? (???? ????????),37.34516,22.11037
MO02,MO,??????? ??????? ?????????? ???????? (???? ???????),37.34483,22.11030
MO03,MO,??????? ??????? ??????? ?????? ???????? (???? ????????),37.41249,22.30764
MO04,MO,??????? ??????? ??????? ?????? ???????? (???? ???????),37.41220,22.30776
MO05,MO,??????? ??????? ???????? ???????? (???? ????????),37.60085,22.44646
MO06,MO,??????? ??????? ???????? ???????? (???? ???????),37.60057,22.44655
MO07,MO,??????? ??????? ???????? ???????? (???? ???????-????????),37.29864,22.21032
MO08,MO,??????? ??????? ???????? ???????? (???? ??????),37.29884,22.21009
MO09,MO,??????? ??????? ???????????? ???????? (???? ????????),37.83599,22.80797
MO10,MO,??????? ??????? ???????????? ???????? (???? ???????),37.83565,22.80808
MO11,MO,??????? ??????? ????????? ???????? (???? ????????),37.13694,22.03779
MO12,MO,??????? ??????? ????????? ???????? (???? ???????),37.13675,22.03810
MO13,MO,??????? ??????? ??????? ???????? (??? ???????),37.15246,22.02610
MO14,MO,??????? ??????? ??????? ???????? (???? ???????),37.15349,22.02565
MO15,MO,??????? ??????? ??????? ???????? (??? ????????),37.07192,22.04808
MO16,MO,??????? ??????? ??????? ???????? (???? ????????),37.07162,22.04731
MO17,MO,??????? ??????? ??????????? ???????? (??? ????????),37.33067,22.07845
MO18,MO,??????? ??????? ??????????? ???????? (???? ????????),37.33179,22.07778
NAO01,NAO,??????? ??????? ????? ?????????? ???????? (???? ?????),38.00812,23.83668
NAO02,NAO,??????? ??????? ????? ?????????? ???????? (???? ???????),38.00910,23.84211
NAO03,NAO,??????? ??????? ?????????? ???????? (???? ???????),37.99958,23.82120
NAO04,NAO,??????? ??????? ???????? ???????? (???? ????????),38.01688,23.86606
NAO05,NAO,??????? ??????? ???????????? ??????? ???????? (???? ??????????),38.07565,23.67635
NAO06,NAO,??????? ??????? ???????????? ??????? ???????? (???? ????????),38.08009,23.67856
NAO07,NAO,??????? ??????? ??????????? ???????? (???? ??????????),38.08919,23.62220
NAO08,NAO,??????? ??????? ??????????? ???????? (???? ????????),38.09040,23.61994
NAO09,NAO,??????? ??????? ????. ????????? ?????????? ???????? (???? ??????????),38.02401,23.83473
NAO10,NAO,??????? ??????? ????. ????????? ?????????? ???????? (???? ????????),38.02517,23.83393
NAO11,NAO,??????? ??????? ????. ????????? ?????????? ???????? (???? ?????),38.01935,23.83767
NAO12,NAO,??????? ??????? ????. ???????? ???????? (???? ??????????),38.02703,23.82915
NAO13,NAO,??????? ??????? ????. ???????? ???????? (???? ????????),38.03427,23.82164
NAO14,NAO,??????? ??????? ?????? ????? ???????? (???? ?????),37.99753,23.84944
NAO15,NAO,??????? ??????? ?????? ????? ???????? (???? ???????),37.99710,23.85116
NAO16,NAO,??????? ??????? ????. ??????????? ???????? (???? ??????????),38.06607,23.73427
NAO17,NAO,??????? ??????? ????. ??????????? ???????? (???? ????????),38.06741,23.73161
NAO18,NAO,??????? ??????? ????. ????????? ???????? (???? ??????????),38.05641,23.77234
NAO19,NAO,??????? ??????? ????. ????????? ???????? (???? ????????),38.05859,23.76884
NAO20,NAO,??????? ??????? ????. ????? ???????? (???? ??????????),38.04838,23.78561
NAO21,NAO,??????? ??????? ????. ????? ???????? (???? ????????),38.05237,23.78147
NAO22,NAO,??????? ??????? ????. ????? ???????? (???? ??????????),38.07018,23.71147
NAO23,NAO,??????? ??????? ????. ????? ???????? (???? ????????),38.07138,23.70832
NAO24,NAO,??????? ??????? ???????? ???????? (???? ????????),37.93851,23.88683
NAO25,NAO,??????? ??????? ????. ???????? ???????? (???? ??????????),38.04123,23.80530
NAO26,NAO,??????? ??????? ????. ???????? ???????? (???? ????????),38.04366,23.79931
NAO27,NAO,??????? ??????? ??????-?????? ???????? (??? ????? ???? ??????????),38.06086,23.75050
NAO28,NAO,??????? ??????? ??????-?????? ???????? (??? ????? ???? ????????),38.06285,23.74866
NAO29,NAO,??????? ??????? ??????-?????? ???????? (??? ????? ???? ??????????),38.06120,23.75044
NAO30,NAO,??????? ??????? ??????-?????? ???????? (??? ????? ???? ????????),38.06315,23.74873
NAO31,NAO,??????? ??????? ???????? ???????? (???? ??????????),37.95341,23.88573
NAO32,NAO,??????? ??????? ???????? ???????? (???? ????????),37.95731,23.88672
NAO33,NAO,??????? ??????? ????. ????????? ???????? (???? ??????????),38.00431,23.86971
NAO34,NAO,??????? ??????? ????. ????????? ???????? (???? ????????),38.00805,23.86918
NAO35,NAO,??????? ??????? ???????? ???????? (???? ?????),37.99397,23.88736
NAO36,NAO,??????? ??????? ???????? ???????? (???? ???????),37.97720,23.80010
NAO37,NAO,??????? ??????? ??????? ???????? (???? ?????),37.98565,23.80999
NAO38,NAO,??????? ??????? ??????? ???????? (???? ???????),37.98559,23.81250
NAO39,NAO,??????? ??????? ????????? ???????? (???? ??????????),38.09389,23.59099
NAO40,NAO,??????? ??????? ??????? ???????? (???? ??????????),37.98003,23.86990
NAO41,NAO,??????? ??????? ??????? ???????? (???? ????????),37.98229,23.87047
NO01,NO,??????? ??????? ????????????? ???????? (???? ????????),38.54935,21.27241
NO02,NO,??????? ??????? ????????????? ???????? (???? ???),38.54947,21.27210
NO03,NO,??????? ??????? ???????? ???????? (???? ????????),38.35929,21.65685
NO04,NO,??????? ??????? ???????? ???????? (???? ???),38.35921,21.65640
NO05,NO,??????? ??????? ???????? ???????? (???? ????????),38.98982,21.17102
NO06,NO,??????? ??????? ???????? ???????? (???? ???),38.98999,21.17073
NO07,NO,??????? ??????? ??????? ???????? (???? ?????),38.17650,23.85388
NO08,NO,??????? ??????? ??????? ???????? (???? ???????????),38.17634,23.85444
NO09,NO,??????? ??????? ????? ???????? (???? ?????),38.37082,23.28677
NO10,NO,??????? ??????? ????? ???????? (???? ???????????),38.37090,23.28704
NO11,NO,??????? ??????? ??????? ???????? (???? ????????),39.42539,20.90533
NO12,NO,??????? ??????? ??????? ???????? (???? ???),39.42559,20.90509
NO13,NO,??????? ??????? ???????? ???????? (???? ?????),38.61750,23.14335
NO14,NO,??????? ??????? ???????? ???????? (???? ???????????),38.61772,23.14384
NO15,NO,??????? ??????? ??????????? ???????? (??? ????????),38.37341,21.62484
NO16,NO,??????? ??????? ??????????? ???????? (???? ????????),38.37419,21.62510
NO17,NO,??????? ??????? ??????????? ???????? (??? ????????),38.37953,21.49530
NO18,NO,??????? ??????? ??????????? ???????? (???? ????????),38.37935,21.49496
NO19,NO,??????? ??????? ??????? ???????? (??? ????????),38.69941,21.21408
NO20,NO,??????? ??????? ??????? ???????? (???? ????????),38.70032,21.21573
NO21,NO,??????? ??????? ????? ???????? (??? ????????),39.16037,21.01087
NO22,NO,??????? ??????? ????? ???????? (???? ????????),39.16064,21.01217
NO23,NO,??????? ??????? ???????????? ???????? (??? ???????????),38.20262,23.85396
NO24,NO,??????? ??????? ???????????? ???????? (???? ???????????),38.20275,23.85477
NO25,NO,??????? ??????? ????????? ???????? (??? ???????????),38.23753,23.78053
NO26,NO,??????? ??????? ????????? ???????? (???? ???????????),38.23633,23.78600
NO27,NO,??????? ??????? ????? ???????? (??? ???????????),38.36621,23.32467
NO28,NO,??????? ??????? ????? ???????? (???? ???????????),38.36403,23.32208
NO29,NO,??????? ??????? ????????? ???????? (??? ???????????),38.28925,23.67591
NO30,NO,??????? ??????? ????????? ???????? (???? ???????????),38.29219,23.67477
NO31,NO,??????? ??????? ?????????? ???????? (??? ???),39.33170,20.91559
NO32,NO,??????? ??????? ?????????? ???????? (???? ???),39.33199,20.91415
NO33,NO,??????? ??????? ???????? ???????? (??? ???????????),38.62199,23.12357
NO34,NO,??????? ??????? ???????? ???????? (???? ???????????),38.62253,23.12381
OO01,OO,??????? ??????? ????????? ???????? (???? ?????),38.04199,23.49613
OO02,OO,??????? ??????? ????????? ???????? (???? ?????),38.04250,23.49545
OO03,OO,??????? ??????? ???? ???????? (???? ?????),38.31624,21.83038
OO04,OO,??????? ??????? ???? ???????? (???? ?????),38.31663,21.82995
OO05,OO,??????? ??????? ??????? ???????? (???? ?????),38.19048,22.16526
OO06,OO,??????? ??????? ??????? ???????? (???? ?????),38.19092,22.16560
OO07,OO,??????? ??????? ??????? ???????? (???? ?????),37.92481,23.03208
OO08,OO,??????? ??????? ??????? ???????? (???? ?????),37.92535,23.03274
OO09,OO,??????? ??????? ?????? ???????? (???? ?????),37.99692,22.73517
OO10,OO,??????? ??????? ?????? ???????? (???? ?????),37.99651,22.73565
OO11,OO,??????? ??????? ???? ??????? ???????? (??? ?????),38.01988,23.42843
OO12,OO,??????? ??????? ???? ??????? ???????? (???? ?????),38.01970,23.42683
OO13,OO,??????? ??????? ????? ???????? (??? ?????),37.98501,23.34987
OO14,OO,??????? ??????? ????? ???????? (???? ?????),37.98590,23.34910
OO15,OO,??????? ??????? ???????? ???????? (??? ?????),38.32496,21.85800
OO16,OO,??????? ??????? ???????? ???????? (???? ?????),38.32513,21.85815
OO17,OO,??????? ??????? ??????? ???????? (??? ?????),38.15655,22.34285
OO18,OO,??????? ??????? ??????? ???????? (???? ?????),38.15715,22.34236
OO19,OO,??????? ??????? ?????????? ???????? (??? ?????),38.17475,22.23938
OO20,OO,??????? ??????? ?????????? ???????? (???? ?????),38.17461,22.23961
OO21,OO,??????? ??????? ????? ???????? ???????? (??? ?????),37.92207,23.11896
OO22,OO,??????? ??????? ????? ???????? ???????? (???? ?????),37.92194,23.11967
OO23,OO,??????? ??????? ????????? ???????? (??? ?????),38.13183,22.40492
OO24,OO,??????? ??????? ????????? ???????? (???? ?????),38.13193,22.40525
OO25,OO,??????? ??????? ??????????? ???????? (??? ?????),37.93143,22.78815
OO26,OO,??????? ??????? ??????????? ???????? (???? ?????),37.93128,22.78786
OO27,OO,??????? ??????? ?????? ???????? (??? ?????),38.00783,22.73326
OO28,OO,??????? ??????? ?????? ???????? (???? ?????),38.00783,22.73354
