OpID,Operator,TollID,Name,PM,Locality,Road,Lat,Long,Email,Price1,Price2,Price3,Price4
AM,Meridian Motorways,AM01,Σταθμός Διοδίων Κλειδίου Μετωπικά (Προς Αθήνα),ΜΤ,Ημαθίας-Κλειδί,Α/Δ Αθηνών-Θεσσαλονίκης,40.51974,22.57247,operator-am@toll-analysis.example,1.40,2.00,5.90,8.30
AM,Meridian Motorways,AM02,Σταθμός Διοδίων Κλειδίου Μετωπικά (Προς Θεσσαλονίκη),ΜΤ,Ημαθίας-Κλειδί,Α/Δ Αθηνών-Θεσσαλονίκης,40.51943,22.57290,operator-am@toll-analysis.example,1.40,2.00,5.90,8.30
AM,Meridian Motorways,AM03,Σταθμός Διοδίων Μακρυχωρίου Μετωπικά (Προς Αθήνα),ΜΤ,Λάρισας-Μακρυχώρι,Α/Δ Αθηνών-Θεσσαλονίκης,39.80461,22.50252,operator-am@toll-analysis.example,1.60,2.20,6.80,9.60
AM,Meridian Motorways,AM04,Σταθμός Διοδίων Μακρυχωρίου Μετωπικά (Προς Θεσσαλονίκη),ΜΤ,Λάρισας-Μακρυχώρι,Α/Δ Αθηνών-Θεσσαλονίκης,39.80427,22.50270,operator-am@toll-analysis.example,1.60,2.20,6.80,9.60
AM,Meridian Motorways,AM05,Σταθμός Διοδίων Μοσχοχωρίου Μετωπικά (Προς Αθήνα),ΜΤ,Λάρισας-Μοσχοχώρι,Α/Δ Αθηνών-Θεσσαλονίκης,39.52294,22.55670,operator-am@toll-analysis.example,2.50,3.60,10.80,15.10
AM,Meridian Motorways,AM06,Σταθμός Διοδίων Μοσχοχωρίου Μετωπικά (Προς Θεσσαλονίκη),ΜΤ,Λάρισας-Μοσχοχώρι,Α/Δ Αθηνών-Θεσσαλονίκης,39.52292,22.55705,operator-am@toll-analysis.example,2.50,3.60,10.80,15.10
AM,Meridian Motorways,AM07,Σταθμός Διοδίων Λεπτοκαρυάς Μετωπικά (Προς Αθήνα),ΜΤ,Πιερίας-Λεπτοκαρυά,Α/Δ Αθηνών-Θεσσαλονίκης,40.03581,22.56973,operator-am@toll-analysis.example,2.00,2.80,8.60,12.00
AM,Meridian Motorways,AM08,Σταθμός Διοδίων Λεπτοκαρυάς Μετωπικά (Προς Θεσσαλονίκη),ΜΤ,Πιερίας-Λεπτοκαρυά,Α/Δ Αθηνών-Θεσσαλονίκης,40.03565,22.56999,operator-am@toll-analysis.example,2.00,2.80,8.60,12.00
AM,Meridian Motorways,AM09,Σταθμός Διοδίων Πελασγίας Μετωπικά (Προς Αθήνα),ΜΤ,Φθιώτιδος-Πελασγία,Α/Δ Αθηνών-Θεσσαλονίκης,38.92051,22.84637,operator-am@toll-analysis.example,2.20,3.10,9.40,13.10
AM,Meridian Motorways,AM10,Σταθμός Διοδίων Πελασγίας Μετωπικά (Προς Θεσσαλονίκη),ΜΤ,Φθιώτιδος-Πελασγία,Α/Δ Αθηνών-Θεσσαλονίκης,38.92015,22.84633,operator-am@toll-analysis.example,2.20,3.10,9.40,13.10
AM,Meridian Motorways,AM11,Σταθμός Διοδίων Γυρτώνης Πλευρικά (Από Αθήνα),ΠΛ,Λάρισας-Γυρτώνη,Α/Δ Αθηνών-Θεσσαλονίκης,39.74348,22.47595,operator-am@toll-analysis.example,0.40,0.60,1.90,2.70
AM,Meridian Motorways,AM12,Σταθμός Διοδίων Γυρτώνης Πλευρικά (Προς Αθήνα),ΠΛ,Λάρισας-Γυρτώνη,Α/Δ Αθηνών-Θεσσαλονίκης,39.74499,22.47529,operator-am@toll-analysis.example,0.40,0.60,1.90,2.70
AM,Meridian Motorways,AM13,Σταθμός Διοδίων Ευαγγελισμού Πλευρικά (Από Θεσσαλονίκη),ΠΛ,Λάρισας-Ευαγγελισμός,Α/Δ Αθηνών-Θεσσαλονίκης,39.82932,22.51144,operator-am@toll-analysis.example,0.70,1.10,3.20,4.50
AM,Meridian Motorways,AM14,Σταθμός Διοδίων Ευαγγελισμού Πλευρικά (Προς Θεσσαλονίκη),ΠΛ,Λάρισας-Ευαγγελισμός,Α/Δ Αθηνών-Θεσσαλονίκης,39.82932,22.51359,operator-am@toll-analysis.example,0.70,1.10,3.20,4.50
AM,Meridian Motorways,AM15,Σταθμός Διοδίων Κιλελέρ Πλευρικά (Από Αθήνα),ΠΛ,Λάρισας-Κιλελέρ,Α/Δ Αθηνών-Θεσσαλονίκης,39.49450,22.62619,operator-am@toll-analysis.example,1.50,2.10,6.40,9.00
AM,Meridian Motorways,AM16,Σταθμός Διοδίων Κιλελέρ Πλευρικά (Προς Αθήνα),ΠΛ,Λάρισας-Κιλελέρ,Α/Δ Αθηνών-Θεσσαλονίκης,39.49332,22.61891,operator-am@toll-analysis.example,1.50,2.10,6.40,9.00
AM,Meridian Motorways,AM17,Σταθμός Διοδίων Μακρυχωρίου Πλευρικά (Από Αθήνα),ΠΛ,Λάρισας-Μακρυχώρι,Α/Δ Αθηνών-Θεσσαλονίκης,39.79680,22.49904,operator-am@toll-analysis.example,0.70,1.00,3.00,4.20
AM,Meridian Motorways,AM18,Σταθμός Διοδίων Μεγάλου Μοναστηρίου Πλευρικά (Από Αθήνα),ΠΛ,Λάρισας-Μεγάλο Μοναστήρι,Α/Δ Αθηνών-Θεσσαλονίκης,39.44227,22.68931,operator-am@toll-analysis.example,1.20,1.70,5.00,7.00
AM,Meridian Motorways,AM19,Σταθμός Διοδίων Μεγάλου Μοναστηρίου Πλευρικά (Προς Αθήνα),ΠΛ,Λάρισας-Μεγάλο Μοναστήρι,Α/Δ Αθηνών-Θεσσαλονίκης,39.44117,22.68652,operator-am@toll-analysis.example,1.20,1.70,5.00,7.00
AM,Meridian Motorways,AM20,Σταθμός Διοδίων Πυργετού Πλευρικά (Προς Αθήνα),ΠΛ,Λάρισας-Πυργετός,Α/Δ Αθηνών-Θεσσαλονίκης,39.90926,22.62438,operator-am@toll-analysis.example,1.00,1.50,4.50,6.30
AM,Meridian Motorways,AM21,Σταθμός Διοδίων Πυργετού Πλευρικά (Προς Θεσσαλονίκη),ΠΛ,Λάρισας-Πυργετός,Α/Δ Αθηνών-Θεσσαλονίκης,39.90894,22.62438,operator-am@toll-analysis.example,1.00,1.50,4.50,6.30
AM,Meridian Motorways,AM22,Σταθμός Διοδίων Βελεστίνου Πλευρικά (Από Αθήνα),ΠΛ,Μαγνησίας-Βελεστίνο,Α/Δ Αθηνών-Θεσσαλονίκης,39.38855,22.76817,operator-am@toll-analysis.example,0.80,1.10,3.30,4.60
AM,Meridian Motorways,AM23,Σταθμός Διοδίων Βελεστίνου Πλευρικά (Προς Αθήνα),ΠΛ,Μαγνησίας-Βελεστίνο,Α/Δ Αθηνών-Θεσσαλονίκης,39.38900,22.76446,operator-am@toll-analysis.example,0.80,1.10,3.30,4.60
AM,Meridian Motorways,AM24,Σταθμός Διοδίων Βελεστίνου Πλευρικά (Προς Αθήνα),ΠΛ,Μαγνησίας-Βελεστίνο,Α/Δ Αθηνών-Θεσσαλονίκης,39.39075,22.76492,operator-am@toll-analysis.example,0.80,1.10,3.30,4.60
AM,Meridian Motorways,AM25,Σταθμός Διοδίων Λεπτοκαρυάς Πλευρικά (Από Θεσσαλονίκη),ΠΛ,Πιερίας-Λεπτοκαρυά,Α/Δ Αθηνών-Θεσσαλονίκης,40.04498,22.56406,operator-am@toll-analysis.example,1.10,1.60,4.90,6.80
AM,Meridian Motorways,AM26,Σταθμός Διοδίων Λεπτοκαρυάς Πλευρικά (Προς Θεσσαλονίκη),ΠΛ,Πιερίας-Λεπτοκαρυά,Α/Δ Αθηνών-Θεσσαλονίκης,40.04503,22.56537,operator-am@toll-analysis.example,1.10,1.60,4.90,6.80
AM,Meridian Motorways,AM27,Σταθμός Διοδίων Πλαταμώνα Πλευρικά (Από Αθήνα),ΠΛ,Πιερίας-Πλαταμώνας,Α/Δ Αθηνών-Θεσσαλονίκης,39.98173,22.62521,operator-am@toll-analysis.example,0.40,0.60,1.80,2.50
AM,Meridian Motorways,AM28,Σταθμός Διοδίων Πλαταμώνα Πλευρικά (Προς Αθήνα),ΠΛ,Πιερίας-Πλαταμώνας,Α/Δ Αθηνών-Θεσσαλονίκης,39.98173,22.62488,operator-am@toll-analysis.example,0.40,0.60,1.80,2.50
AM,Meridian Motorways,AM29,Σταθμός Διοδίων Γλύφας Πλευρικά (Από Θεσσαλονίκη),ΠΛ,Φθιώτιδος-Γλύφα,Α/Δ Αθηνών-Θεσσαλονίκης,38.94941,22.87566,operator-am@toll-analysis.example,1.60,2.30,6.90,9.60
AM,Meridian Motorways,AM30,Σταθμός Διοδίων Γλύφας Πλευρικά (Προς Θεσσαλονίκη),ΠΛ,Φθιώτιδος-Γλύφα,Α/Δ Αθηνών-Θεσσαλονίκης,38.94799,22.87658,operator-am@toll-analysis.example,1.60,2.30,6.90,9.60
EG,Northern Corridor,EG01,Σταθμός Διοδίων Σήραγγας Ακτίου Μετωπικά (Προς Αγρίνιο),ΜΤ,Αιτωλοακαρνανίας-Άκτιο,Ακτίου-Πρέβεζας,38.94008,20.76598,operator-eg@toll-analysis.example,0.70,3.00,7.50,10.50
EG,Northern Corridor,EG02,Σταθμός Διοδίων Σήραγγας Ακτίου Μετωπικά (Προς Πρέβεζα),ΜΤ,Αιτωλοακαρνανίας-Άκτιο,Ακτίου-Πρέβεζας,38.94000,20.76634,operator-eg@toll-analysis.example,0.70,3.00,7.50,10.50
EG,Northern Corridor,EG03,Σταθμός Διοδίων Αρδανίου Μετωπικά (Προς Ηγουμενίτσα),ΜΤ,Έβρου-Αρδάνι,Εγνατία Οδός,40.94466,26.20525,operator-eg@toll-analysis.example,0.80,1.20,3.00,4.20
EG,Northern Corridor,EG04,Σταθμός Διοδίων Αρδανίου Μετωπικά (Προς Κήπους),ΜΤ,Έβρου-Αρδάνι,Εγνατία Οδός,40.94448,26.20509,operator-eg@toll-analysis.example,0.80,1.20,3.00,4.20
EG,Northern Corridor,EG05,Σταθμός Διοδίων Μεστής Μετωπικά (Προς Αλεξ/πολη),ΜΤ,Έβρου-Μεστή,Εγνατία Οδός,41.01349,25.53327,operator-eg@toll-analysis.example,1.20,1.70,4.30,6.00
EG,Northern Corridor,EG06,Σταθμός Διοδίων Μεστής Μετωπικά (Προς Ηγουμενίτσα),ΜΤ,Έβρου-Μεστή,Εγνατία Οδός,41.01347,25.53349,operator-eg@toll-analysis.example,1.20,1.70,4.30,6.00
EG,Northern Corridor,EG07,Σταθμός Διοδίων Ανάληψης Μετωπικά (Προς Αλεξ/πολη),ΜΤ,Θεσσαλονίκης-Ανάληψη,Εγνατία Οδός,40.70685,23.19131,operator-eg@toll-analysis.example,1.30,1.80,4.50,6.30
EG,Northern Corridor,EG08,Σταθμός Διοδίων Ανάληψης Μετωπικά (Προς Ηγουμενίτσα),ΜΤ,Θεσσαλονίκης-Ανάληψη,Εγνατία Οδός,40.70687,23.19166,operator-eg@toll-analysis.example,1.30,1.80,4.50,6.30
EG,Northern Corridor,EG09,Σταθμός Διοδίων Ασπροβάλτας Μετωπικά (Προς Αλεξανδρούπολη),ΜΤ,Θεσσαλονίκης-Ασπροβάλτα,Εγνατία Οδός,40.72626,23.69369,operator-eg@toll-analysis.example,0.60,0.90,2.30,3.20
EG,Northern Corridor,EG10,Σταθμός Διοδίων Ασπροβάλτας Μετωπικά (Προς Ηγουμενίτσα),ΜΤ,Θεσσαλονίκης-Ασπροβάλτα,Εγνατία Οδός,40.72651,23.69370,operator-eg@toll-analysis.example,0.60,0.90,2.30,3.20
EG,Northern Corridor,EG11,Σταθμός Διοδίων Θεσσαλονίκης Μετωπικά (Προς Αλεξανδρούπολη),ΜΤ,Θεσσαλονίκης-Θεσσαλονίκη,Εγνατία Οδός,40.69605,22.89561,operator-eg@toll-analysis.example,0.30,0.50,1.00,1.50
EG,Northern Corridor,EG12,Σταθμός Διοδίων Θεσσαλονίκης Μετωπικά (Προς Ηγουμενίτσα),ΜΤ,Θεσσαλονίκης-Θεσσαλονίκη,Εγνατία Οδός,40.69621,22.89602,operator-eg@toll-analysis.example,0.30,0.50,1.00,1.50
EG,Northern Corridor,EG13,Σταθμός Διοδίων Μαλγάρων Μετωπικά (Προς Αθήνα),ΜΤ,Θεσσαλονίκης-Μάλγαρα,Α/Δ Αθηνών-Θεσσαλονίκης,40.60257,22.69825,operator-eg@toll-analysis.example,0.80,1.20,3.00,4.20
EG,Northern Corridor,EG14,Σταθμός Διοδίων Μαλγάρων Μετωπικά (Προς Θεσσαλονίκη),ΜΤ,Θεσσαλονίκης-Μάλγαρα,Α/Δ Αθηνών-Θεσσαλονίκης,40.60222,22.69828,operator-eg@toll-analysis.example,0.80,1.20,3.00,4.20
EG,Northern Corridor,EG15,Σταθμός Διοδίων Παμβώτιδας Μετωπικά (Προς Αλεξ/πολη),ΜΤ,Ιωαννίνων-Ιωάννινα,Εγνατία Οδός,39.61861,20.94787,operator-eg@toll-analysis.example,0.80,1.20,3.00,4.20
EG,Northern Corridor,EG16,Σταθμός Διοδίων Παμβώτιδας Μετωπικά (Προς Ηγουμενίτσα),ΜΤ,Ιωαννίνων-Ιωάννινα,Εγνατία Οδός,39.61887,20.94798,operator-eg@toll-analysis.example,0.80,1.20,3.00,4.20
EG,Northern Corridor,EG17,Σταθμός Διοδίων Τύριας Μετωπικά (Προς Αλεξ/πολη),ΜΤ,Ιωαννίνων-Τύρια,Εγνατία Οδός,39.54018,20.67424,operator-eg@toll-analysis.example,1.50,2.10,5.30,7.40
EG,Northern Corridor,EG18,Σταθμός Διοδίων Τύριας Μετωπικά (Προς Ηγουμενίτσα),ΜΤ,Ιωαννίνων-Τύρια,Εγνατία Οδός,39.54018,20.67446,operator-eg@toll-analysis.example,1.50,2.10,5.30,7.40
EG,Northern Corridor,EG19,Σταθμός Διοδίων Καβάλας Μετωπικά (Προς Αλεξ/πολη),ΜΤ,Καβάλας-Άσπρη Άμμος,Εγνατία Οδός,40.95970,24.47231,operator-eg@toll-analysis.example,1.00,1.40,3.50,4.90
EG,Northern Corridor,EG20,Σταθμός Διοδίων Καβάλας Μετωπικά (Προς Ηγουμενίτσα),ΜΤ,Καβάλας-Άσπρη Άμμος,Εγνατία Οδός,40.95996,24.47252,operator-eg@toll-analysis.example,1.00,1.40,3.50,4.90
EG,Northern Corridor,EG21,Σταθμός Διοδίων Μουσθένης Μετωπικά (Προς Αλεξ/πολη),ΜΤ,Καβάλας-Μουσθένη,Εγνατία Οδός,40.85810,24.16227,operator-eg@toll-analysis.example,1.10,1.60,4.00,5.60
EG,Northern Corridor,EG22,Σταθμός Διοδίων Μουσθένης Μετωπικά (Προς Ηγουμενίτσα),ΜΤ,Καβάλας-Μουσθένη,Εγνατία Οδός,40.85828,24.16236,operator-eg@toll-analysis.example,1.10,1.60,4.00,5.60
EG,Northern Corridor,EG23,Σταθμός Διοδίων Ιεροπηγής Μετωπικά (Προς Κρυσταλλοπηγή),ΜΤ,Καστοριάς-Ιεροπηγή,Α/Δ Σιάτιστας-Κρυσταλλοπηγής,40.57450,21.06155,operator-eg@toll-analysis.example,1.00,1.40,3.50,4.90
EG,Northern Corridor,EG24,Σταθμός Διοδίων Ιεροπηγής Μετωπικά (Προς Σιάτιστα),ΜΤ,Καστοριάς-Ιεροπηγή,Α/Δ Σιάτιστας-Κρυσταλλοπηγής,40.57463,21.06136,operator-eg@toll-analysis.example,1.00,1.40,3.50,4.90
EG,Northern Corridor,EG25,Σταθμός Διοδίων Ευζώνων Μετωπικά (Προς Μάλγαρα),ΜΤ,Κιλκίς-Εύζωνοι,Α/Δ ΠΑΘΕ,41.10873,22.55840,operator-eg@toll-analysis.example,1.30,1.80,4.50,6.30
EG,Northern Corridor,EG26,Σταθμός Διοδίων Ευζώνων Μετωπικά (Προς Σύνορα),ΜΤ,Κιλκίς-Εύζωνοι,Α/Δ ΠΑΘΕ,41.10865,22.55872,operator-eg@toll-analysis.example,1.30,1.80,4.50,6.30
EG,Northern Corridor,EG27,Σταθμός Διοδίων Πολύμυλου Μετωπικά (Προς Αλεξ/πολη),ΜΤ,Κοζάνης-Πολύμυλος,Εγνατία Οδός,40.36719,22.06011,operator-eg@toll-analysis.example,1.00,1.40,3.50,4.90
EG,Northern Corridor,EG28,Σταθμός Διοδίων Πολύμυλου Μετωπικά (Προς Ηγουμενίτσα),ΜΤ,Κοζάνης-Πολύμυλος,Εγνατία Οδός,40.36724,22.06038,operator-eg@toll-analysis.example,1.00,1.40,3.50,4.90
EG,Northern Corridor,EG29,Σταθμός Διοδίων Σιάτιστας Μετωπικά (Προς Αλεξ/πολη),ΜΤ,Κοζάνης-Σιάτιστα,Εγνατία Οδός,40.25640,21.63294,operator-eg@toll-analysis.example,1.10,1.50,3.80,5.30
EG,Northern Corridor,EG30,Σταθμός Διοδίων Σιάτιστας Μετωπικά (Προς Ηγουμενίτσα),ΜΤ,Κοζάνης-Σιάτιστα,Εγνατία Οδός,40.25663,21.63296,operator-eg@toll-analysis.example,1.10,1.50,3.80,5.30
EG,Northern Corridor,EG31,Σταθμός Διοδίων Ίασμου Μετωπικά (Προς Αλεξ/πολη),ΜΤ,Ροδόπης-Ίασμος,Εγνατία Οδός,41.12035,25.08013,operator-eg@toll-analysis.example,1.00,1.40,3.50,4.90
EG,Northern Corridor,EG32,Σταθμός Διοδίων Ίασμου Μετωπικά (Προς Ηγουμενίτσα),ΜΤ,Ροδόπης-Ίασμος,Εγνατία Οδός,41.12048,25.08019,operator-eg@toll-analysis.example,1.00,1.40,3.50,4.90
EG,Northern Corridor,EG33,Σταθμός Διοδίων Προμαχώνα Μετωπικά (Προς Προμαχώνα),ΜΤ,Σερρών-Προμαχώνας,Α/Δ Σερρών-Προμαχώνα,41.36410,23.35685,operator-eg@toll-analysis.example,1.40,2.00,5.00,7.00
EG,Northern Corridor,EG34,Σταθμός Διοδίων Προμαχώνα Μετωπικά (Προς Σέρρες),ΜΤ,Σερρών-Προμαχώνας,Α/Δ Σερρών-Προμαχώνα,41.36428,23.35673,operator-eg@toll-analysis.example,1.40,2.00,5.00,7.00
EG,Northern Corridor,EG35,Σταθμός Διοδίων Στρυμονικού Μετωπικά (Προς Θεσσαλονίκη),ΜΤ,Σερρών-Στρυμονικό,Α/Δ Θεσσαλονίκης-Σερρών,41.04377,23.29506,operator-eg@toll-analysis.example,0.70,1.00,2.50,3.50
EG,Northern Corridor,EG36,Σταθμός Διοδίων Στρυμονικού Μετωπικά (Προς Σέρρες),ΜΤ,Σερρών-Στρυμονικό,Α/Δ Θεσσαλονίκης-Σερρών,41.04362,23.29504,operator-eg@toll-analysis.example,0.70,1.00,2.50,3.50
EG,Northern Corridor,EG37,Σταθμός Διοδίων Μαλακασίου Μετωπικά (Προς Αλεξ/πολη),ΜΤ,Τρικάλων-Μαλακάσι,Εγνατία Οδός,39.78944,21.26681,operator-eg@toll-analysis.example,1.00,1.40,3.50,4.90
EG,Northern Corridor,EG38,Σταθμός Διοδίων Μαλακασίου Μετωπικά (Προς Ηγουμενίτσα),ΜΤ,Τρικάλων-Μαλακάσι,Εγνατία Οδός,39.78979,21.26626,operator-eg@toll-analysis.example,1.00,1.40,3.50,4.90
EG,Northern Corridor,EG39,Σταθμός Διοδίων Μεστής Πλευρικά (Από Αλεξ/πολη),ΠΛ,Έβρου-Μεστή,Εγνατία Οδός,40.96176,25.64339,operator-eg@toll-analysis.example,0.60,0.80,2.00,2.80
EG,Northern Corridor,EG40,Σταθμός Διοδίων Μεστής Πλευρικά (Προς Αλεξ/πολη),ΠΛ,Έβρου-Μεστή,Εγνατία Οδός,40.96122,25.64278,operator-eg@toll-analysis.example,0.60,0.80,2.00,2.80
EG,Northern Corridor,EG41,Σταθμός Διοδίων Βαϊοχωρίου Πλευρικά (Από Αλεξ/πολη),ΠΛ,Θεσσαλονίκης-Βαϊοχώρι,Εγνατία Οδός,40.70133,23.37106,operator-eg@toll-analysis.example,0.40,0.60,1.50,2.10
EG,Northern Corridor,EG42,Σταθμός Διοδίων Βαϊοχωρίου Πλευρικά (Προς Αλεξ/πολη),ΠΛ,Θεσσαλονίκης-Βαϊοχώρι,Εγνατία Οδός,40.70003,23.37042,operator-eg@toll-analysis.example,0.40,0.60,1.50,2.10
EG,Northern Corridor,EG43,Σταθμός Διοδίων Λαγκαδά Πλευρικά (Είσοδος Προς Ηγουμενίτσα),ΠΛ,Θεσσαλονίκης-Λαγυνά,Εγνατία Οδός,40.74036,23.01134,operator-eg@toll-analysis.example,0.20,0.30,0.80,1.10
EG,Northern Corridor,EG44,Σταθμός Διοδίων Λαγκαδά Πλευρικά (Είσοδος Προς Ηγουμενίτσα),ΠΛ,Θεσσαλονίκης-Λαγυνά,Εγνατία Οδός,40.74041,23.00921,operator-eg@toll-analysis.example,0.20,0.30,0.80,1.10
EG,Northern Corridor,EG45,Σταθμός Διοδίων Λαγκαδά Πλευρικά (Έξοδος Από Ηγουμενίτσα),ΠΛ,Θεσσαλονίκης-Λαγυνά,Εγνατία Οδός,40.73708,23.00886,operator-eg@toll-analysis.example,0.20,0.30,0.80,1.10
EG,Northern Corridor,EG46,Σταθμός Διοδίων Ασπροβάλτας Πλευρικά (Από Ηγουμενίτσα),ΠΛ,Θεσσαλονίκης-Νέα Βρασνά,Εγνατία Οδός,40.70963,23.68233,operator-eg@toll-analysis.example,0.20,0.30,0.80,1.10
EG,Northern Corridor,EG47,Σταθμός Διοδίων Ασπροβάλτας Πλευρικά (Προς Ηγουμενίτσα),ΠΛ,Θεσσαλονίκης-Νέα Βρασνά,Εγνατία Οδός,40.70969,23.68007,operator-eg@toll-analysis.example,0.20,0.30,0.80,1.10
EG,Northern Corridor,EG48,Σταθμός Διοδίων Προφήτη Πλευρικά (Από Αλεξ/πολη),ΠΛ,Θεσσαλονίκης-Προφήτης,Εγνατία Οδός,40.68507,23.25728,operator-eg@toll-analysis.example,0.60,0.90,2.30,3.20
EG,Northern Corridor,EG49,Σταθμός Διοδίων Προφήτη Πλευρικά (Προς Αλεξ/πολη),ΠΛ,Θεσσαλονίκης-Προφήτης,Εγνατία Οδός,40.68298,23.26014,operator-eg@toll-analysis.example,0.60,0.90,2.30,3.20
EG,Northern Corridor,EG50,Σταθμός Διοδίων Αγίου Ανδρέα Πλευρικά (Από Αλεξ/πολη),ΠΛ,Καβάλας-Άγιος Ανδρέας,Εγνατία Οδός,40.87301,24.29632,operator-eg@toll-analysis.example,0.30,0.40,1.00,1.40
EG,Northern Corridor,EG51,Σταθμός Διοδίων Αγίου Ανδρέα Πλευρικά (Προς Αλεξ/πολη),ΠΛ,Καβάλας-Άγιος Ανδρέας,Εγνατία Οδός,40.87425,24.29886,operator-eg@toll-analysis.example,0.30,0.40,1.00,1.40
EG,Northern Corridor,EG52,Σταθμός Διοδίων Άσπρων Χωμάτων Πλευρικά (Από Ηγουμενίτσα),ΠΛ,Καβάλας-Άσπρη Άμμος,Εγνατία Οδός,40.95475,24.46490,operator-eg@toll-analysis.example,0.20,0.30,0.80,1.10
EG,Northern Corridor,EG53,Σταθμός Διοδίων Άσπρων Χωμάτων Πλευρικά (Προς Ηγουμενίτσα),ΠΛ,Καβάλας-Άσπρη Άμμος,Εγνατία Οδός,40.95614,24.46335,operator-eg@toll-analysis.example,0.20,0.30,0.80,1.10
EG,Northern Corridor,EG54,Σταθμός Διοδίων Ελευθερούπολης Πλευρικά (Από Αλεξ/πολη),ΠΛ,Καβάλας-Εξοχή,Εγνατία Οδός,40.88656,24.23466,operator-eg@toll-analysis.example,0.50,0.60,1.50,2.10
EG,Northern Corridor,EG55,Σταθμός Διοδίων Ελευθερούπολης Πλευρικά (Προς Αλεξ/πολη),ΠΛ,Καβάλας-Εξοχή,Εγνατία Οδός,40.88405,24.23595,operator-eg@toll-analysis.example,0.50,0.60,1.50,2.10
EG,Northern Corridor,EG56,Σταθμός Διοδίων Μουσθένης Πλευρικά (Από Ηγουμενίτσα),ΠΛ,Καβάλας-Μουσθένη,Εγνατία Οδός,40.83828,24.11487,operator-eg@toll-analysis.example,0.60,0.80,2.00,2.80
EG,Northern Corridor,EG57,Σταθμός Διοδίων Μουσθένης Πλευρικά (Προς Ηγουμενίτσα),ΠΛ,Καβάλας-Μουσθένη,Εγνατία Οδός,40.84142,24.11660,operator-eg@toll-analysis.example,0.60,0.80,2.00,2.80
EG,Northern Corridor,EG58,Σταθμός Διοδίων Γαληψού Ορφανίου Πλευρικά (Από Ηγουμενίτσα),ΠΛ,Καβάλας-Ορφάνιο,Εγνατία Οδός,40.78273,23.95742,operator-eg@toll-analysis.example,0.20,0.30,0.80,1.10
EG,Northern Corridor,EG59,Σταθμός Διοδίων Γαληψού Ορφανίου Πλευρικά (Προς Ηγουμενίτσα),ΠΛ,Καβάλας-Ορφάνιο,Εγνατία Οδός,40.78738,23.95591,operator-eg@toll-analysis.example,0.20,0.30,0.80,1.10
EG,Northern Corridor,EG60,Σταθμός Διοδίων Πολυκάστρου Πλευρικά (Από Πολύκαστρο),ΠΛ,Κιλκίς-Πολύκαστρο,Α/Δ ΠΑΘΕ,40.98913,22.60377,operator-eg@toll-analysis.example,0.90,1.30,3.30,4.60
EG,Northern Corridor,EG61,Σταθμός Διοδίων Πολυκάστρου Πλευρικά (Προς Πολύκαστρο),ΠΛ,Κιλκίς-Πολύκαστρο,Α/Δ ΠΑΘΕ,40.98902,22.60492,operator-eg@toll-analysis.example,0.90,1.30,3.30,4.60
EG,Northern Corridor,EG62,Σταθμός Διοδίων Καλαμιάς Πλευρικά (Από Αλεξ/πολη),ΠΛ,Κοζάνης-Καλαμιά,Εγνατία Οδός,40.29780,21.68065,operator-eg@toll-analysis.example,0.30,0.40,1.00,1.40
EG,Northern Corridor,EG63,Σταθμός Διοδίων Καλαμιάς Πλευρικά (Προς Αλεξ/πολη),ΠΛ,Κοζάνης-Καλαμιά,Εγνατία Οδός,40.30186,21.69036,operator-eg@toll-analysis.example,0.30,0.40,1.00,1.40
EG,Northern Corridor,EG64,Σταθμός Διοδίων Σιάτιστας Ανατολικά Πλευρικά (Από Ηγουμενίτσα),ΠΛ,Κοζάνης-Σιάτιστα,Εγνατία Οδός,40.23622,21.57988,operator-eg@toll-analysis.example,0.50,0.70,1.80,2.50
EG,Northern Corridor,EG65,Σταθμός Διοδίων Σιάτιστας Ανατολικά Πλευρικά (Προς Ηγουμενίτσα),ΠΛ,Κοζάνης-Σιάτιστα,Εγνατία Οδός,40.23697,21.57984,operator-eg@toll-analysis.example,0.50,0.70,1.80,2.50
EG,Northern Corridor,EG66,Σταθμός Διοδίων Βαφέικων Πλευρικά (Από Ηγουμενίτσα Προς Ξάνθη),ΠΛ,Ξάνθης-Βαφέικα,Εγνατία Οδός,41.09622,24.94660,operator-eg@toll-analysis.example,0.20,0.30,0.80,1.10
EG,Northern Corridor,EG67,Σταθμός Διοδίων Βαφέικων Πλευρικά (Από Ηγουμενίτσα Προς Πόρτο Λάγος),ΠΛ,Ξάνθης-Βαφέικα,Εγνατία Οδός,41.09518,24.94467,operator-eg@toll-analysis.example,0.20,0.30,0.80,1.10
EG,Northern Corridor,EG68,Σταθμός Διοδίων Βαφέικων Πλευρικά (Από Ξάνθη Προς Ηγουμενίτσα),ΠΛ,Ξάνθης-Βαφέικα,Εγνατία Οδός,41.09463,24.93714,operator-eg@toll-analysis.example,0.20,0.30,0.80,1.10
EG,Northern Corridor,EG69,Σταθμός Διοδίων Βαφέικων Πλευρικά (Από Πόρτο Λάγος Προς Ηγουμενίτσα),ΠΛ,Ξάνθης-Βαφέικα,Εγνατία Οδός,41.09820,24.94494,operator-eg@toll-analysis.example,0.20,0.30,0.80,1.10
EG,Northern Corridor,EG70,Σταθμός Διοδίων Ίασμου Πλευρικά (Από Αλεξ/πολη),ΠΛ,Ροδόπης-Ίασμος,Εγνατία Οδός,41.11714,25.18443,operator-eg@toll-analysis.example,0.40,0.50,1.30,1.80
EG,Northern Corridor,EG71,Σταθμός Διοδίων Ίασμου Πλευρικά (Προς Αλεξ/πολη),ΠΛ,Ροδόπης-Ίασμος,Εγνατία Οδός,41.11562,25.18446,operator-eg@toll-analysis.example,0.40,0.50,1.30,1.80
EG,Northern Corridor,EG72,Σταθμός Διοδίων ΒΙ.ΠΕ. Κομοτηνής Πλευρικά (Από Ηγουμενίτσα),ΠΛ,Ροδόπης-Φύλακας,Εγνατία Οδός,41.05960,25.47539,operator-eg@toll-analysis.example,0.20,0.30,0.80,1.10
EG,Northern Corridor,EG73,Σταθμός Διοδίων ΒΙ.ΠΕ. Κομοτηνής Πλευρικά (Προς Ηγουμενίτσα),ΠΛ,Ροδόπης-Φύλακας,Εγνατία Οδός,41.06149,25.47661,operator-eg@toll-analysis.example,0.20,0.30,0.80,1.10
EG,Northern Corridor,EG74,Σταθμός Διοδίων Παναγιάς Πλευρικά,ΠΛ,Τρικάλων-Μαλακάσι,Εγνατία Οδός,39.78578,21.29482,operator-eg@toll-analysis.example,0.70,1.00,2.50,3.50
GE,Gulf Crossing,GE01,Σταθμός Διοδίων Γέφυρας Ρίου Αντιρρίου Μετωπικά (Προς Αντίρριο),ΜΤ,Αιτωλοακαρνανίας-Αντίρριο,Α/Δ Αντιρρίου-Ιωαννίνων,38.33383,21.76604,operator-ge@toll-analysis.example,2.00,14.70,46.50,74.50
GE,Gulf Crossing,GE02,Σταθμός Διοδίων Γέφυρας Ρίου Αντιρρίου Μετωπικά (Προς Ρίο),ΜΤ,Αιτωλοακαρνανίας-Αντίρριο,Α/Δ Αντιρρίου-Ιωαννίνων,38.33381,21.76581,operator-ge@toll-analysis.example,2.00,14.70,46.50,74.50
KO,Central Routes,KO01,Σταθμός Διοδίων Σοφάδων Μετωπικά (Προς Λαμία),ΜΤ,Καρδίτσας-Μαυραχάδες,Α/Δ Λαμίας-Τρικάλων,39.25717,22.08299,operator-ko@toll-analysis.example,2.35,3.40,8.50,11.95
KO,Central Routes,KO02,Σταθμός Διοδίων Σοφάδων Μετωπικά (Προς Τρίκαλα),ΜΤ,Καρδίτσας-Μαυραχάδες,Α/Δ Λαμίας-Τρικάλων,39.25691,22.08320,operator-ko@toll-analysis.example,2.35,3.40,8.50,11.95
KO,Central Routes,KO03,Σταθμός Διοδίων Τρικάλων Μετωπικά (Προς Λαμία),ΜΤ,Τρικάλων-Λόγγος,Α/Δ Λαμίας-Τρικάλων,39.52040,21.83212,operator-ko@toll-analysis.example,2.05,2.95,7.45,10.45
KO,Central Routes,KO04,Σταθμός Διοδίων Τρικάλων Μετωπικά (Προς Τρίκαλα),ΜΤ,Τρικάλων-Λόγγος,Α/Δ Λαμίας-Τρικάλων,39.52022,21.83249,operator-ko@toll-analysis.example,2.05,2.95,7.45,10.45
KO,Central Routes,KO05,Σταθμός Διοδίων Αγίας Τριάδας Μετωπικά (Προς Αθήνα),ΜΤ,Φθιώτιδος-Αγία Τριάδα,Α/Δ Αθηνών-Θεσσαλονίκης,38.80835,22.60256,operator-ko@toll-analysis.example,1.35,1.90,4.80,6.75
KO,Central Routes,KO06,Σταθμός Διοδίων Αγίας Τριάδας Μετωπικά (Προς Θεσσαλονίκη),ΜΤ,Φθιώτιδος-Αγία Τριάδα,Α/Δ Αθηνών-Θεσσαλονίκης,38.80869,22.60270,operator-ko@toll-analysis.example,1.35,1.90,4.80,6.75
KO,Central Routes,KO07,Σταθμός Διοδίων Λειανοκλαδίου Μετωπικά (Προς Λαμία),ΜΤ,Φθιώτιδος-Σταυρός,Κεντρική Οδός,38.91517,22.34873,operator-ko@toll-analysis.example,1.30,1.85,4.70,6.60
KO,Central Routes,KO08,Σταθμός Διοδίων Λειανοκλαδίου Μετωπικά (Προς Τρίκαλα),ΜΤ,Φθιώτιδος-Σταυρός,Κεντρική Οδός,38.91495,22.34906,operator-ko@toll-analysis.example,1.30,1.85,4.70,6.60
KO,Central Routes,KO09,Σταθμός Διοδίων Μαυρομαντήλας Μετωπικά (Προς Αθήνα),ΜΤ,Φθιώτιδος-Στυλίδα,Α/Δ Αθηνών-Θεσσαλονίκης,38.90419,22.52794,operator-ko@toll-analysis.example,1.45,2.05,5.15,7.25
KO,Central Routes,KO10,Σταθμός Διοδίων Μαυρομαντήλας Μετωπικά (Προς Θεσσαλονίκη),ΜΤ,Φθιώτιδος-Στυλίδα,Α/Δ Αθηνών-Θεσσαλονίκης,38.90403,22.52754,operator-ko@toll-analysis.example,1.45,2.05,5.15,7.25
KO,Central Routes,KO11,Σταθμός Διοδίων Ανάβρας Πλευρικά (Από Λαμία),ΠΛ,Καρδίτσας-Ανάβρα,Α/Δ Λαμίας-Τρικάλων,39.21048,22.06925,operator-ko@toll-analysis.example,1.40,2.00,5.00,7.00
KO,Central Routes,KO12,Σταθμός Διοδίων Ανάβρας Πλευρικά (Προς Λαμία),ΠΛ,Καρδίτσας-Ανάβρα,Α/Δ Λαμίας-Τρικάλων,39.21025,22.06905,operator-ko@toll-analysis.example,1.40,2.00,5.00,7.00
KO,Central Routes,KO13,Σταθμός Διοδίων Προαστίου Πλευρικά (Από Λαμία),ΠΛ,Καρδίτσας-Προάστιο,Α/Δ Λαμίας-Τρικάλων,39.47480,21.90310,operator-ko@toll-analysis.example,0.80,1.15,2.85,4.05
KO,Central Routes,KO14,Σταθμός Διοδίων Προαστίου Πλευρικά (Προς Λαμία),ΠΛ,Καρδίτσας-Προάστιο,Α/Δ Λαμίας-Τρικάλων,39.47460,21.90324,operator-ko@toll-analysis.example,0.80,1.15,2.85,4.05
KO,Central Routes,KO15,Σταθμός Διοδίων Καλαμπάκας Πλευρικά (Από Καλαμπάκα),ΠΛ,Τρικάλων-Καλαμπάκα,Κεντρική Οδός,39.70028,21.60858,operator-ko@toll-analysis.example,0.60,0.90,2.25,3.15
KO,Central Routes,KO16,Σταθμός Διοδίων Καλαμπάκας Πλευρικά (Προς Καλαμπάκα),ΠΛ,Τρικάλων-Καλαμπάκα,Κεντρική Οδός,39.69975,21.61080,operator-ko@toll-analysis.example,0.60,0.90,2.25,3.15
KO,Central Routes,KO17,Σταθμός Διοδίων Τρικάλων Πλευρικά (Από Τρίκαλα),ΠΛ,Τρικάλων-Τρίκαλα,Κεντρική Οδός,39.56901,21.81829,operator-ko@toll-analysis.example,0.55,0.80,2.05,2.90
KO,Central Routes,KO18,Σταθμός Διοδίων Τρικάλων Πλευρικά (Προς Τρίκαλα),ΠΛ,Τρικάλων-Τρίκαλα,Κεντρική Οδός,39.56879,21.81811,operator-ko@toll-analysis.example,0.55,0.80,2.05,2.90
KO,Central Routes,KO19,Σταθμός Διοδίων Αγίας Μαρίνας Πλευρικά (Από Θεσ/νίκη),ΠΛ,Φθιώτιδος-Αγία Μαρίνα,Α/Δ Αθηνών-Θεσσαλονίκης,38.90377,22.57063,operator-ko@toll-analysis.example,0.90,1.30,3.30,4.60
KO,Central Routes,KO20,Σταθμός Διοδίων Αγίας Μαρίνας Πλευρικά (Προς Θεσ/νίκη),ΠΛ,Φθιώτιδος-Αγία Μαρίνα,Α/Δ Αθηνών-Θεσσαλονίκης,38.90305,22.56907,operator-ko@toll-analysis.example,0.90,1.30,3.30,4.60
KO,Central Routes,KO21,Σταθμός Διοδίων Θερμοπυλών Πλευρικά (Από Θεσσαλονίκη),ΠΛ,Φθιώτιδος-Θερμοπύλες,Α/Δ Αθηνών-Θεσσαλονίκης,38.79929,22.50926,operator-ko@toll-analysis.example,0.45,0.65,1.65,2.35
KO,Central Routes,KO22,Σταθμός Διοδίων Θερμοπυλών Πλευρικά (Προς Θεσσαλονίκη),ΠΛ,Φθιώτιδος-Θερμοπύλες,Α/Δ Αθηνών-Θεσσαλονίκης,38.79959,22.51118,operator-ko@toll-analysis.example,0.45,0.65,1.65,2.35
KO,Central Routes,KO23,Σταθμός Διοδίων Μώλου Πλευρικά (Από Αθήνα),ΠΛ,Φθιώτιδος-Μώλος,Α/Δ Αθηνών-Θεσσαλονίκης,38.80267,22.64938,operator-ko@toll-analysis.example,0.25,0.35,0.90,1.30
KO,Central Routes,KO24,Σταθμός Διοδίων Μώλου Πλευρικά (Προς Αθήνα),ΠΛ,Φθιώτιδος-Μώλος,Α/Δ Αθηνών-Θεσσαλονίκης,38.80290,22.64952,operator-ko@toll-analysis.example,0.25,0.35,0.90,1.30
KO,Central Routes,KO25,Σταθμός Διοδίων Στυλίδας Πλευρικά (Από Θεσσαλονίκη),ΠΛ,Φθιώτιδος-Στυλίδα,Α/Δ Αθηνών-Θεσσαλονίκης,38.91363,22.65900,operator-ko@toll-analysis.example,0.50,0.70,1.75,2.50
KO,Central Routes,KO26,Σταθμός Διοδίων Στυλίδας Πλευρικά (Προς Θεσσαλονίκη),ΠΛ,Φθιώτιδος-Στυλίδα,Α/Δ Αθηνών-Θεσσαλονίκης,38.91357,22.65774,operator-ko@toll-analysis.example,0.50,0.70,1.75,2.50
MO,Southern Link,MO01,Σταθμός Διοδίων Βελιγοστής Μετωπικά (Προς Καλαμάτα),ΜΤ,Αρκαδίας-Βελιγοστή,Α/Δ Μορέας,37.34516,22.11037,operator-mo@toll-analysis.example,0.90,1.35,3.40,4.80
MO,Southern Link,MO02,Σταθμός Διοδίων Βελιγοστής Μετωπικά (Προς Κόρινθο),ΜΤ,Αρκαδίας-Βελιγοστή,Α/Δ Μορέας,37.34483,22.11030,operator-mo@toll-analysis.example,0.90,1.35,3.40,4.80
MO,Southern Link,MO03,Σταθμός Διοδίων Γέφυρας Μάναρη Μετωπικά (Προς Καλαμάτα),ΜΤ,Αρκαδίας-Μάναρης,Α/Δ Μορέας,37.41249,22.30764,operator-mo@toll-analysis.example,1.40,2.10,5.25,7.40
MO,Southern Link,MO04,Σταθμός Διοδίων Γέφυρας Μάναρη Μετωπικά (Προς Κόρινθο),ΜΤ,Αρκαδίας-Μάναρης,Α/Δ Μορέας,37.41220,22.30776,operator-mo@toll-analysis.example,1.40,2.10,5.25,7.40
MO,Southern Link,MO05,Σταθμός Διοδίων Νεστάνης Μετωπικά (Προς Καλαμάτα),ΜΤ,Αρκαδίας-Νεστάνη,Α/Δ Μορέας,37.60085,22.44646,operator-mo@toll-analysis.example,1.80,2.60,6.50,9.10
MO,Southern Link,MO06,Σταθμός Διοδίων Νεστάνης Μετωπικά (Προς Κόρινθο),ΜΤ,Αρκαδίας-Νεστάνη,Α/Δ Μορέας,37.60057,22.44655,operator-mo@toll-analysis.example,1.80,2.60,6.50,9.10
MO,Southern Link,MO07,Σταθμός Διοδίων Πετρίνας Μετωπικά (Προς Κόρινθο-Καλαμάτα),ΜΤ,Αρκαδίας-Πετρίνα,Α/Δ Μορέας,37.29864,22.21032,operator-mo@toll-analysis.example,2.20,3.15,7.90,11.10
MO,Southern Link,MO08,Σταθμός Διοδίων Πετρίνας Μετωπικά (Προς Σπάρτη),ΜΤ,Αρκαδίας-Πετρίνα,Α/Δ Μορέας,37.29884,22.21009,operator-mo@toll-analysis.example,2.20,3.15,7.90,11.10
MO,Southern Link,MO09,Σταθμός Διοδίων Σπαθοβουνίου Μετωπικά (Προς Καλαμάτα),ΜΤ,Κορινθίας-Σπαθοβούνι,Α/Δ Μορέας,37.83599,22.80797,operator-mo@toll-analysis.example,1.90,2.70,6.85,9.60
MO,Southern Link,MO10,Σταθμός Διοδίων Σπαθοβουνίου Μετωπικά (Προς Κόρινθο),ΜΤ,Κορινθίας-Σπαθοβούνι,Α/Δ Μορέας,37.83565,22.80808,operator-mo@toll-analysis.example,1.90,2.70,6.85,9.60
MO,Southern Link,MO11,Σταθμός Διοδίων Καλαμάτας Μετωπικά (Προς Καλαμάτα),ΜΤ,Μεσσηνίας-Καλαμάτα,Α/Δ Μορέας,37.13694,22.03779,operator-mo@toll-analysis.example,1.40,2.05,5.15,7.25
MO,Southern Link,MO12,Σταθμός Διοδίων Καλαμάτας Μετωπικά (Προς Κόρινθο),ΜΤ,Μεσσηνίας-Καλαμάτα,Α/Δ Μορέας,37.13675,22.03810,operator-mo@toll-analysis.example,1.40,2.05,5.15,7.25
MO,Southern Link,MO13,Σταθμός Διοδίων Αρφαρών Πλευρικά (Από Κόρινθο),ΠΛ,Μεσσηνίας-Αρφαρά,Α/Δ Μορέας,37.15246,22.02610,operator-mo@toll-analysis.example,0.50,0.80,2.05,2.85
MO,Southern Link,MO14,Σταθμός Διοδίων Αρφαρών Πλευρικά (Προς Κόρινθο),ΠΛ,Μεσσηνίας-Αρφαρά,Α/Δ Μορέας,37.15349,22.02565,operator-mo@toll-analysis.example,0.50,0.80,2.05,2.85
MO,Southern Link,MO15,Σταθμός Διοδίων Θουρίας Πλευρικά (Από Καλαμάτα),ΠΛ,Μεσσηνίας-Θουρία,Α/Δ Μορέας,37.07192,22.04808,operator-mo@toll-analysis.example,0.30,0.50,1.30,1.85
MO,Southern Link,MO16,Σταθμός Διοδίων Θουρίας Πλευρικά (Προς Καλαμάτα),ΠΛ,Μεσσηνίας-Θουρία,Α/Δ Μορέας,37.07162,22.04731,operator-mo@toll-analysis.example,0.30,0.50,1.30,1.85
MO,Southern Link,MO17,Σταθμός Διοδίων Παραδείσιων Πλευρικά (Από Καλαμάτα),ΠΛ,Μεσσηνίας-Παραδείσια,Α/Δ Μορέας,37.33067,22.07845,operator-mo@toll-analysis.example,0.50,0.80,2.05,2.90
MO,Southern Link,MO18,Σταθμός Διοδίων Παραδείσιων Πλευρικά (Προς Καλαμάτα),ΠΛ,Μεσσηνίας-Παραδείσια,Α/Δ Μορέας,37.33179,22.07778,operator-mo@toll-analysis.example,0.50,0.80,2.05,2.90
NAO,Metro Ring,NAO01,Σταθμός Διοδίων Αγίας Παρασκευής Πλευρικά (Προς Καρέα),ΜΤ,Αττικής-Αγία Παρασκευή,Περιφ. Υμηττού,38.00812,23.83668,operator-nao@toll-analysis.example,1.25,2.50,6.25,10.00
NAO,Metro Ring,NAO02,Σταθμός Διοδίων Αγίας Παρασκευής Πλευρικά (Προς Παλλήνη),ΜΤ,Αττικής-Αγία Παρασκευή,Περιφ. Υμηττού,38.00910,23.84211,operator-nao@toll-analysis.example,1.25,2.50,6.25,10.00
NAO,Metro Ring,NAO03,Σταθμός Διοδίων Δημόκριτου Πλευρικά (Προς Παλλήνη),ΜΤ,Αττικής-Αγία Παρασκευή,Περιφ. Υμηττού,37.99958,23.82120,operator-nao@toll-analysis.example,1.25,2.50,6.25,10.00
NAO,Metro Ring,NAO04,Σταθμός Διοδίων Ανθούσας Πλευρικά (Προς Ελευσίνα),ΜΤ,Αττικής-Ανθούσα,Αττική Οδός,38.01688,23.86606,operator-nao@toll-analysis.example,1.25,2.50,6.25,10.00
NAO,Metro Ring,NAO05,Σταθμός Διοδίων Περιφεριακής Αιγάλεω Πλευρικά (Προς Αεροδρόμιο),ΜΤ,Αττικής-Άνω Λιόσια,Αττική Οδός,38.07565,23.67635,operator-nao@toll-analysis.example,1.25,2.50,6.25,10.00
NAO,Metro Ring,NAO06,Σταθμός Διοδίων Περιφεριακής Αιγάλεω Πλευρικά (Προς Ελευσίνα),ΜΤ,Αττικής-Άνω Λιόσια,Αττική Οδός,38.08009,23.67856,operator-nao@toll-analysis.example,1.25,2.50,6.25,10.00
NAO,Metro Ring,NAO07,Σταθμός Διοδίων Ασπροπύργου Πλευρικά (Προς Αεροδρόμιο),ΜΤ,Αττικής-Ασπρόπυργος,Αττική Οδός,38.08919,23.62220,operator-nao@toll-analysis.example,1.25,2.50,6.25,10.00
NAO,Metro Ring,NAO08,Σταθμός Διοδίων Ασπροπύργου Πλευρικά (Προς Ελευσίνα),ΜΤ,Αττικής-Ασπρόπυργος,Αττική Οδός,38.09040,23.61994,operator-nao@toll-analysis.example,1.25,2.50,6.25,10.00
NAO,Metro Ring,NAO09,Σταθμός Διοδίων Λεωφ. Δουκίσσης Πλακεντίας Πλευρικά (Προς Αεροδρόμιο),ΜΤ,Αττικής-Βριλήσσια,Αττική Οδός,38.02401,23.83473,operator-nao@toll-analysis.example,1.25,2.50,6.25,10.00
NAO,Metro Ring,NAO10,Σταθμός Διοδίων Λεωφ. Δουκίσσης Πλακεντίας Πλευρικά (Προς Ελευσίνα),ΜΤ,Αττικής-Βριλήσσια,Αττική Οδός,38.02517,23.83393,operator-nao@toll-analysis.example,1.25,2.50,6.25,10.00
NAO,Metro Ring,NAO11,Σταθμός Διοδίων Λεωφ. Δουκίσσης Πλακεντίας Πλευρικά (Προς Καρέα),ΜΤ,Αττικής-Βριλήσσια,Περιφ. Υμηττού,38.01935,23.83767,operator-nao@toll-analysis.example,1.25,2.50,6.25,10.00
NAO,Metro Ring,NAO12,Σταθμός Διοδίων Λεωφ. Πεντέλης Πλευρικά (Προς Αεροδρόμιο),ΜΤ,Αττικής-Βριλήσσια,Αττική Οδός,38.02703,23.82915,operator-nao@toll-analysis.example,1.25,2.50,6.25,10.00
NAO,Metro Ring,NAO13,Σταθμός Διοδίων Λεωφ. Πεντέλης Πλευρικά (Προς Ελευσίνα),ΜΤ,Αττικής-Βριλήσσια,Αττική Οδός,38.03427,23.82164,operator-nao@toll-analysis.example,1.25,2.50,6.25,10.00
NAO,Metro Ring,NAO14,Σταθμός Διοδίων Γλυκών Νερών Πλευρικά (Προς Καρέα),ΜΤ,Αττικής-Γλυκά Νερά,Περιφ. Υμηττού,37.99753,23.84944,operator-nao@toll-analysis.example,1.25,2.50,6.25,10.00
NAO,Metro Ring,NAO15,Σταθμός Διοδίων Γλυκών Νερών Πλευρικά (Προς Παλλήνη),ΜΤ,Αττικής-Γλυκά Νερά,Περιφ. Υμηττού,37.99710,23.85116,operator-nao@toll-analysis.example,1.25,2.50,6.25,10.00
NAO,Metro Ring,NAO16,Σταθμός Διοδίων Λεωφ. Δημοκρατίας Πλευρικά (Προς Αεροδρόμιο),ΜΤ,Αττικής-Ζεφύρι,Αττική Οδός,38.06607,23.73427,operator-nao@toll-analysis.example,1.25,2.50,6.25,10.00
NAO,Metro Ring,NAO17,Σταθμός Διοδίων Λεωφ. Δημοκρατίας Πλευρικά (Προς Ελευσίνα),ΜΤ,Αττικής-Ζεφύρι,Αττική Οδός,38.06741,23.73161,operator-nao@toll-analysis.example,1.25,2.50,6.25,10.00
NAO,Metro Ring,NAO18,Σταθμός Διοδίων Λεωφ. Ηρακλείου Πλευρικά (Προς Αεροδρόμιο),ΜΤ,Αττικής-Ηράκλειο,Αττική Οδός,38.05641,23.77234,operator-nao@toll-analysis.example,1.25,2.50,6.25,10.00
NAO,Metro Ring,NAO19,Σταθμός Διοδίων Λεωφ. Ηρακλείου Πλευρικά (Προς Ελευσίνα),ΜΤ,Αττικής-Ηράκλειο,Αττική Οδός,38.05859,23.76884,operator-nao@toll-analysis.example,1.25,2.50,6.25,10.00
NAO,Metro Ring,NAO20,Σταθμός Διοδίων Λεωφ. Κύμης Πλευρικά (Προς Αεροδρόμιο),ΜΤ,Αττικής-Ηράκλειο,Αττική Οδός,38.04838,23.78561,operator-nao@toll-analysis.example,1.25,2.50,6.25,10.00
NAO,Metro Ring,NAO21,Σταθμός Διοδίων Λεωφ. Κύμης Πλευρικά (Προς Ελευσίνα),ΜΤ,Αττικής-Ηράκλειο,Αττική Οδός,38.05237,23.78147,operator-nao@toll-analysis.example,1.25,2.50,6.25,10.00
NAO,Metro Ring,NAO22,Σταθμός Διοδίων Λεωφ. Φυλής Πλευρικά (Προς Αεροδρόμιο),ΜΤ,Αττικής-Καματερό,Αττική Οδός,38.07018,23.71147,operator-nao@toll-analysis.example,1.25,2.50,6.25,10.00
NAO,Metro Ring,NAO23,Σταθμός Διοδίων Λεωφ. Φυλής Πλευρικά (Προς Ελευσίνα),ΜΤ,Αττικής-Καματερό,Αττική Οδός,38.07138,23.70832,operator-nao@toll-analysis.example,1.25,2.50,6.25,10.00
NAO,Metro Ring,NAO24,Σταθμός Διοδίων Κορωπίου Μετωπικά (Προς Ελευσίνα),ΜΤ,Αττικής-Κορωπί,Αττική Οδός,37.93851,23.88683,operator-nao@toll-analysis.example,1.25,2.50,6.25,10.00
NAO,Metro Ring,NAO25,Σταθμός Διοδίων Λεωφ. Κηφισίας Πλευρικά (Προς Αεροδρόμιο),ΜΤ,Αττικής-Μαρούσι,Αττική Οδός,38.04123,23.80530,operator-nao@toll-analysis.example,1.25,2.50,6.25,10.00
NAO,Metro Ring,NAO26,Σταθμός Διοδίων Λεωφ. Κηφισίας Πλευρικά (Προς Ελευσίνα),ΜΤ,Αττικής-Μαρούσι,Αττική Οδός,38.04366,23.79931,operator-nao@toll-analysis.example,1.25,2.50,6.25,10.00
NAO,Metro Ring,NAO27,Σταθμός Διοδίων Αθηνών-Λαμίας Πλευρικά (Από Αθήνα Προς Αεροδρόμιο),ΜΤ,Αττικής-Μεταμόρφωση,Αττική Οδός,38.06086,23.75050,operator-nao@toll-analysis.example,1.25,2.50,6.25,10.00
NAO,Metro Ring,NAO28,Σταθμός Διοδίων Αθηνών-Λαμίας Πλευρικά (Από Αθήνα Προς Ελευσίνα),ΜΤ,Αττικής-Μεταμόρφωση,Αττική Οδός,38.06285,23.74866,operator-nao@toll-analysis.example,1.25,2.50,6.25,10.00
NAO,Metro Ring,NAO29,Σταθμός Διοδίων Αθηνών-Λαμίας Πλευρικά (Από Λαμία Προς Αεροδρόμιο),ΜΤ,Αττικής-Μεταμόρφωση,Αττική Οδός,38.06120,23.75044,operator-nao@toll-analysis.example,1.25,2.50,6.25,10.00
NAO,Metro Ring,NAO30,Σταθμός Διοδίων Αθηνών-Λαμίας Πλευρικά (Από Λαμία Προς Ελευσίνα),ΜΤ,Αττικής-Μεταμόρφωση,Αττική Οδός,38.06315,23.74873,operator-nao@toll-analysis.example,1.25,2.50,6.25,10.00
NAO,Metro Ring,NAO31,Σταθμός Διοδίων Παιανίας Πλευρικά (Προς Αεροδρόμιο),ΜΤ,Αττικής-Παιανία,Αττική Οδός,37.95341,23.88573,operator-nao@toll-analysis.example,1.25,2.50,6.25,10.00
NAO,Metro Ring,NAO32,Σταθμός Διοδίων Παιανίας Πλευρικά (Προς Ελευσίνα),ΜΤ,Αττικής-Παιανία,Αττική Οδός,37.95731,23.88672,operator-nao@toll-analysis.example,1.25,2.50,6.25,10.00
NAO,Metro Ring,NAO33,Σταθμός Διοδίων Λεωφ. Μαραθώνος Πλευρικά (Προς Αεροδρόμιο),ΜΤ,Αττικής-Παλλήνη,Αττική Οδός,38.00431,23.86971,operator-nao@toll-analysis.example,1.25,2.50,6.25,10.00
NAO,Metro Ring,NAO34,Σταθμός Διοδίων Λεωφ. Μαραθώνος Πλευρικά (Προς Ελευσίνα),ΜΤ,Αττικής-Παλλήνη,Αττική Οδός,38.00805,23.86918,operator-nao@toll-analysis.example,1.25,2.50,6.25,10.00
NAO,Metro Ring,NAO35,Σταθμός Διοδίων Παλλήνης Πλευρικά (Προς Καρέα),ΜΤ,Αττικής-Παλλήνη,Περιφ. Υμηττού,37.99397,23.88736,operator-nao@toll-analysis.example,1.25,2.50,6.25,10.00
NAO,Metro Ring,NAO36,Σταθμός Διοδίων Κατεχάκη Μετωπικά (Προς Παλλήνη),ΜΤ,Αττικής-Παπάγος,Περιφ. Υμηττού,37.97720,23.80010,operator-nao@toll-analysis.example,1.25,2.50,6.25,10.00
NAO,Metro Ring,NAO37,Σταθμός Διοδίων Παπάγου Πλευρικά (Προς Καρέα),ΜΤ,Αττικής-Παπάγος,Περιφ. Υμηττού,37.98565,23.80999,operator-nao@toll-analysis.example,1.25,2.50,6.25,10.00
NAO,Metro Ring,NAO38,Σταθμός Διοδίων Παπάγου Πλευρικά (Προς Παλλήνη),ΜΤ,Αττικής-Παπάγος,Περιφ. Υμηττού,37.98559,23.81250,operator-nao@toll-analysis.example,1.25,2.50,6.25,10.00
NAO,Metro Ring,NAO39,Σταθμός Διοδίων Ρουπακίου Μετωπικά (Προς Αεροδρόμιο),ΜΤ,Αττικής-Ρουπάκι,Αττική Οδός,38.09389,23.59099,operator-nao@toll-analysis.example,1.25,2.50,6.25,10.00
NAO,Metro Ring,NAO40,Σταθμός Διοδίων Κάντζας Πλευρικά (Προς Αεροδρόμιο),ΜΤ,Αττικής-Σπάτα-Κάντζα,Αττική Οδός,37.98003,23.86990,operator-nao@toll-analysis.example,1.25,2.50,6.25,10.00
NAO,Metro Ring,NAO41,Σταθμός Διοδίων Κάντζας Πλευρικά (Προς Ελευσίνα),ΜΤ,Αττικής-Σπάτα-Κάντζα,Αττική Οδός,37.98229,23.87047,operator-nao@toll-analysis.example,1.25,2.50,6.25,10.00
NO,Eastern Roads,NO01,Σταθμός Διοδίων Αγγελόκαστρου Μετωπικά (Προς Ιωάννινα),ΜΤ,Αιτωλοακαρνανίας-Αγγελόκαστρο,Α/Δ Αντιρρίου-Ιωαννίνων,38.54935,21.27241,operator-no@toll-analysis.example,2.70,3.85,9.60,13.50
NO,Eastern Roads,NO02,Σταθμός Διοδίων Αγγελόκαστρου Μετωπικά (Προς Ρίο),ΜΤ,Αιτωλοακαρνανίας-Αγγελόκαστρο,Α/Δ Αντιρρίου-Ιωαννίνων,38.54947,21.27210,operator-no@toll-analysis.example,2.70,3.85,9.60,13.50
NO,Eastern Roads,NO03,Σταθμός Διοδίων Κλόκοβας Μετωπικά (Προς Ιωάννινα),ΜΤ,Αιτωλοακαρνανίας-Γαβρολίμνη,Α/Δ Αντιρρίου-Ιωαννίνων,38.35929,21.65685,operator-no@toll-analysis.example,2.25,3.25,8.20,11.45
NO,Eastern Roads,NO04,Σταθμός Διοδίων Κλόκοβας Μετωπικά (Προς Ρίο),ΜΤ,Αιτωλοακαρνανίας-Γαβρολίμνη,Α/Δ Αντιρρίου-Ιωαννίνων,38.35921,21.65640,operator-no@toll-analysis.example,2.25,3.25,8.20,11.45
NO,Eastern Roads,NO05,Σταθμός Διοδίων Μενιδίου Μετωπικά (Προς Ιωάννινα),ΜΤ,Αιτωλοακαρνανίας-Μενίδι,Α/Δ Αντιρρίου-Ιωαννίνων,38.98982,21.17102,operator-no@toll-analysis.example,2.30,3.25,8.20,11.50
NO,Eastern Roads,NO06,Σταθμός Διοδίων Μενιδίου Μετωπικά (Προς Ρίο),ΜΤ,Αιτωλοακαρνανίας-Μενίδι,Α/Δ Αντιρρίου-Ιωαννίνων,38.98999,21.17073,operator-no@toll-analysis.example,2.30,3.25,8.20,11.50
NO,Eastern Roads,NO07,Σταθμός Διοδίων Αφιδνών Μετωπικά (Προς Αθήνα),ΜΤ,Αττικής-Αφίδνες,Α/Δ Αθηνών-Θεσσαλονίκης,38.17650,23.85388,operator-no@toll-analysis.example,2.50,3.55,8.95,12.55
NO,Eastern Roads,NO08,Σταθμός Διοδίων Αφιδνών Μετωπικά (Προς Θεσσαλονίκη),ΜΤ,Αττικής-Αφίδνες,Α/Δ Αθηνών-Θεσσαλονίκης,38.17634,23.85444,operator-no@toll-analysis.example,2.50,3.55,8.95,12.55
NO,Eastern Roads,NO09,Σταθμός Διοδίων Θήβας Μετωπικά (Προς Αθήνα),ΜΤ,Βοιωτίας-Θήβα,Α/Δ Αθηνών-Θεσσαλονίκης,38.37082,23.28677,operator-no@toll-analysis.example,2.90,4.20,10.50,14.70
NO,Eastern Roads,NO10,Σταθμός Διοδίων Θήβας Μετωπικά (Προς Θεσσαλονίκη),ΜΤ,Βοιωτίας-Θήβα,Α/Δ Αθηνών-Θεσσαλονίκης,38.37090,23.28704,operator-no@toll-analysis.example,2.90,4.20,10.50,14.70
NO,Eastern Roads,NO11,Σταθμός Διοδίων Τερόβου Μετωπικά (Προς Ιωάννινα),ΜΤ,Ιωαννίνων-Τέροβο,Α/Δ Αντιρρίου-Ιωαννίνων,39.42539,20.90533,operator-no@toll-analysis.example,2.35,3.35,8.45,11.85
NO,Eastern Roads,NO12,Σταθμός Διοδίων Τερόβου Μετωπικά (Προς Ρίο),ΜΤ,Ιωαννίνων-Τέροβο,Α/Δ Αντιρρίου-Ιωαννίνων,39.42559,20.90509,operator-no@toll-analysis.example,2.35,3.35,8.45,11.85
NO,Eastern Roads,NO13,Σταθμός Διοδίων Τραγάνας Μετωπικά (Προς Αθήνα),ΜΤ,Φθιώτιδος-Τραγάνα,Α/Δ Αθηνών-Θεσσαλονίκης,38.61750,23.14335,operator-no@toll-analysis.example,2.90,4.15,10.45,14.60
NO,Eastern Roads,NO14,Σταθμός Διοδίων Τραγάνας Μετωπικά (Προς Θεσσαλονίκη),ΜΤ,Φθιώτιδος-Τραγάνα,Α/Δ Αθηνών-Θεσσαλονίκης,38.61772,23.14384,operator-no@toll-analysis.example,2.90,4.15,10.45,14.60
NO,Eastern Roads,NO15,Σταθμός Διοδίων Γαβρολίμνης Πλευρικά (Από Ιωάννινα),ΠΛ,Αιτωλοακαρνανίας-Γαβρολίμνη,Α/Δ Αντιρρίου-Ιωαννίνων,38.37341,21.62484,operator-no@toll-analysis.example,1.60,2.30,5.80,8.10
NO,Eastern Roads,NO16,Σταθμός Διοδίων Γαβρολίμνης Πλευρικά (Προς Ιωάννινα),ΠΛ,Αιτωλοακαρνανίας-Γαβρολίμνη,Α/Δ Αντιρρίου-Ιωαννίνων,38.37419,21.62510,operator-no@toll-analysis.example,1.60,2.30,5.80,8.10
NO,Eastern Roads,NO17,Σταθμός Διοδίων Μεσολογγίου Πλευρικά (Από Ιωάννινα),ΠΛ,Αιτωλοακαρνανίας-Ζέστη,Α/Δ Αντιρρίου-Ιωαννίνων,38.37953,21.49530,operator-no@toll-analysis.example,0.95,1.35,3.45,4.80
NO,Eastern Roads,NO18,Σταθμός Διοδίων Μεσολογγίου Πλευρικά (Προς Ιωάννινα),ΠΛ,Αιτωλοακαρνανίας-Ζέστη,Α/Δ Αντιρρίου-Ιωαννίνων,38.37935,21.49496,operator-no@toll-analysis.example,0.95,1.35,3.45,4.80
NO,Eastern Roads,NO19,Σταθμός Διοδίων Κουβαρά Πλευρικά (Από Ιωάννινα),ΠΛ,Αιτωλοακαρνανίας-Φυτείες,Α/Δ Αντιρρίου-Ιωαννίνων,38.69941,21.21408,operator-no@toll-analysis.example,1.25,1.75,4.45,6.25
NO,Eastern Roads,NO20,Σταθμός Διοδίων Κουβαρά Πλευρικά (Προς Ιωάννινα),ΠΛ,Αιτωλοακαρνανίας-Φυτείες,Α/Δ Αντιρρίου-Ιωαννίνων,38.70032,21.21573,operator-no@toll-analysis.example,1.25,1.75,4.45,6.25
NO,Eastern Roads,NO21,Σταθμός Διοδίων Άρτας Πλευρικά (Από Ιωάννινα),ΠΛ,Άρτας-Άγιος Δημήτριος,Α/Δ Αντιρρίου-Ιωαννίνων,39.16037,21.01087,operator-no@toll-analysis.example,0.55,0.80,2.10,2.90
NO,Eastern Roads,NO22,Σταθμός Διοδίων Άρτας Πλευρικά (Προς Ιωάννινα),ΠΛ,Άρτας-Άγιος Δημήτριος,Α/Δ Αντιρρίου-Ιωαννίνων,39.16064,21.01217,operator-no@toll-analysis.example,0.55,0.80,2.10,2.90
NO,Eastern Roads,NO23,Σταθμός Διοδίων Καπανδριτίου Πλευρικά (Από Θεσσαλονίκη),ΠΛ,Αττικής-Καπανδρίτι,Α/Δ Αθηνών-Θεσσαλονίκης,38.20262,23.85396,operator-no@toll-analysis.example,1.50,2.15,5.40,7.60
NO,Eastern Roads,NO24,Σταθμός Διοδίων Καπανδριτίου Πλευρικά (Προς Θεσσαλονίκη),ΠΛ,Αττικής-Καπανδρίτι,Α/Δ Αθηνών-Θεσσαλονίκης,38.20275,23.85477,operator-no@toll-analysis.example,1.50,2.15,5.40,7.60
NO,Eastern Roads,NO25,Σταθμός Διοδίων Μαλακάσας Πλευρικά (Από Θεσσαλονίκη),ΠΛ,Αττικής-Μαλακάσα,Α/Δ Αθηνών-Θεσσαλονίκης,38.23753,23.78053,operator-no@toll-analysis.example,1.05,1.55,3.85,5.40
NO,Eastern Roads,NO26,Σταθμός Διοδίων Μαλακάσας Πλευρικά (Προς Θεσσαλονίκη),ΠΛ,Αττικής-Μαλακάσα,Α/Δ Αθηνών-Θεσσαλονίκης,38.23633,23.78600,operator-no@toll-analysis.example,1.05,1.55,3.85,5.40
NO,Eastern Roads,NO27,Σταθμός Διοδίων Θήβας Πλευρικά (Από Θεσσαλονίκη),ΠΛ,Βοιωτίας-Θήβα,Α/Δ Αθηνών-Θεσσαλονίκης,38.36621,23.32467,operator-no@toll-analysis.example,1.15,1.65,4.15,5.80
NO,Eastern Roads,NO28,Σταθμός Διοδίων Θήβας Πλευρικά (Προς Θεσσαλονίκη),ΠΛ,Βοιωτίας-Θήβα,Α/Δ Αθηνών-Θεσσαλονίκης,38.36403,23.32208,operator-no@toll-analysis.example,1.15,1.65,4.15,5.80
NO,Eastern Roads,NO29,Σταθμός Διοδίων Οινοφύτων Πλευρικά (Από Θεσσαλονίκη),ΠΛ,Βοιωτίας-Οινόφυτα,Α/Δ Αθηνών-Θεσσαλονίκης,38.28925,23.67591,operator-no@toll-analysis.example,0.50,0.70,1.80,2.55
NO,Eastern Roads,NO30,Σταθμός Διοδίων Οινοφύτων Πλευρικά (Προς Θεσσαλονίκη),ΠΛ,Βοιωτίας-Οινόφυτα,Α/Δ Αθηνών-Θεσσαλονίκης,38.29219,23.67477,operator-no@toll-analysis.example,0.50,0.70,1.80,2.55
NO,Eastern Roads,NO31,Σταθμός Διοδίων Γοργόμυλου Πλευρικά (Από Ρίο),ΠΛ,Πρέβεζας-Γοργόμυλος,Α/Δ Αντιρρίου-Ιωαννίνων,39.33170,20.91559,operator-no@toll-analysis.example,0.75,1.10,2.75,3.90
NO,Eastern Roads,NO32,Σταθμός Διοδίων Γοργόμυλου Πλευρικά (Προς Ρίο),ΠΛ,Πρέβεζας-Γοργόμυλος,Α/Δ Αντιρρίου-Ιωαννίνων,39.33199,20.91415,operator-no@toll-analysis.example,0.75,1.10,2.75,3.90
NO,Eastern Roads,NO33,Σταθμός Διοδίων Τραγάνας Πλευρικά (Από Θεσσαλονίκη),ΠΛ,Φθιώτιδος-Τραγάνα,Α/Δ Αθηνών-Θεσσαλονίκης,38.62199,23.12357,operator-no@toll-analysis.example,2.35,3.35,8.35,11.75
NO,Eastern Roads,NO34,Σταθμός Διοδίων Τραγάνας Πλευρικά (Προς Θεσσαλονίκη),ΠΛ,Φθιώτιδος-Τραγάνα,Α/Δ Αθηνών-Θεσσαλονίκης,38.62253,23.12381,operator-no@toll-analysis.example,2.35,3.35,8.35,11.75
OO,Western Corridor,OO01,Σταθμός Διοδίων Ελευσίνας Μετωπικά (Προς Αθήνα),ΜΤ,Αττικής-Ελευσίνα,Α/Δ Αθηνών-Κορίνθου,38.04199,23.49613,operator-oo@toll-analysis.example,1.60,2.30,5.80,8.10
OO,Western Corridor,OO02,Σταθμός Διοδίων Ελευσίνας Μετωπικά (Προς Πάτρα),ΜΤ,Αττικής-Ελευσίνα,Α/Δ Αθηνών-Κορίνθου,38.04250,23.49545,operator-oo@toll-analysis.example,1.60,2.30,5.80,8.10
OO,Western Corridor,OO03,Σταθμός Διοδίων Ρίου Μετωπικά (Προς Αθήνα),ΜΤ,Αχαΐας-Άγιος Βασίλειος,Α/Δ Κορίνθου-Πατρών,38.31624,21.83038,operator-oo@toll-analysis.example,1.70,2.40,6.20,8.70
OO,Western Corridor,OO04,Σταθμός Διοδίων Ρίου Μετωπικά (Προς Πάτρα),ΜΤ,Αχαΐας-Άγιος Βασίλειος,Α/Δ Κορίνθου-Πατρών,38.31663,21.82995,operator-oo@toll-analysis.example,1.70,2.40,6.20,8.70
OO,Western Corridor,OO05,Σταθμός Διοδίων Ελαιώνα Μετωπικά (Προς Αθήνα),ΜΤ,Αχαΐας-Ελαιώνας,Α/Δ Κορίνθου-Πατρών,38.19048,22.16526,operator-oo@toll-analysis.example,2.40,3.50,8.90,12.40
OO,Western Corridor,OO06,Σταθμός Διοδίων Ελαιώνα Μετωπικά (Προς Πάτρα),ΜΤ,Αχαΐας-Ελαιώνας,Α/Δ Κορίνθου-Πατρών,38.19092,22.16560,operator-oo@toll-analysis.example,2.40,3.50,8.90,12.40
OO,Western Corridor,OO07,Σταθμός Διοδίων Ισθμίων Μετωπικά (Προς Αθήνα),ΜΤ,Κορινθίας-Ίσθμια,Α/Δ Αθηνών-Κορίνθου,37.92481,23.03208,operator-oo@toll-analysis.example,1.30,1.90,4.90,6.90
OO,Western Corridor,OO08,Σταθμός Διοδίων Ισθμίων Μετωπικά (Προς Πάτρα),ΜΤ,Κορινθίας-Ίσθμια,Α/Δ Αθηνών-Κορίνθου,37.92535,23.03274,operator-oo@toll-analysis.example,1.30,1.90,4.90,6.90
OO,Western Corridor,OO09,Σταθμός Διοδίων Κιάτου Μετωπικά (Προς Αθήνα),ΜΤ,Κορινθίας-Κιάτο,Α/Δ Κορίνθου-Πατρών,37.99692,22.73517,operator-oo@toll-analysis.example,1.70,2.50,6.20,8.80
OO,Western Corridor,OO10,Σταθμός Διοδίων Κιάτου Μετωπικά (Προς Πάτρα),ΜΤ,Κορινθίας-Κιάτο,Α/Δ Κορίνθου-Πατρών,37.99651,22.73565,operator-oo@toll-analysis.example,1.70,2.50,6.20,8.80
OO,Western Corridor,OO11,Σταθμός Διοδίων Νέας Περάμου Πλευρικά (Από Πάτρα),ΠΛ,Αττικής-Νέα Πέραμος,Α/Δ Αθηνών-Κορίνθου,38.01988,23.42843,operator-oo@toll-analysis.example,1.10,1.50,3.90,5.50
OO,Western Corridor,OO12,Σταθμός Διοδίων Νέας Περάμου Πλευρικά (Προς Πάτρα),ΠΛ,Αττικής-Νέα Πέραμος,Α/Δ Αθηνών-Κορίνθου,38.01970,23.42683,operator-oo@toll-analysis.example,1.10,1.50,3.90,5.50
OO,Western Corridor,OO13,Σταθμός Διοδίων Πάχης Πλευρικά (Από Πάτρα),ΠΛ,Αττικής-Πάχη,Α/Δ Αθηνών-Κορίνθου,37.98501,23.34987,operator-oo@toll-analysis.example,0.70,1.00,2.50,3.50
OO,Western Corridor,OO14,Σταθμός Διοδίων Πάχης Πλευρικά (Προς Πάτρα),ΠΛ,Αττικής-Πάχη,Α/Δ Αθηνών-Κορίνθου,37.98590,23.34910,operator-oo@toll-analysis.example,0.70,1.00,2.50,3.50
OO,Western Corridor,OO15,Σταθμός Διοδίων Δρεπάνου Πλευρικά (Από Αθήνα),ΠΛ,Αχαΐας-Δρέπανο,Α/Δ Κορίνθου-Πατρών,38.32496,21.85800,operator-oo@toll-analysis.example,1.30,1.80,4.70,6.60
OO,Western Corridor,OO16,Σταθμός Διοδίων Δρεπάνου Πλευρικά (Προς Αθήνα),ΠΛ,Αχαΐας-Δρέπανο,Α/Δ Κορίνθου-Πατρών,38.32513,21.85815,operator-oo@toll-analysis.example,1.30,1.80,4.70,6.60
OO,Western Corridor,OO17,Σταθμός Διοδίων Ακράτας Πλευρικά (Από Αθήνα),ΠΛ,Αχαΐας-Κράθιο,Α/Δ Κορίνθου-Πατρών,38.15655,22.34285,operator-oo@toll-analysis.example,1.30,1.90,4.70,6.70
OO,Western Corridor,OO18,Σταθμός Διοδίων Ακράτας Πλευρικά (Προς Αθήνα),ΠΛ,Αχαΐας-Κράθιο,Α/Δ Κορίνθου-Πατρών,38.15715,22.34236,operator-oo@toll-analysis.example,1.30,1.90,4.70,6.70
OO,Western Corridor,OO19,Σταθμός Διοδίων Καλαβρύτων Πλευρικά (Από Αθήνα),ΠΛ,Αχαΐας-Τράπεζα,Α/Δ Κορίνθου-Πατρών,38.17475,22.23938,operator-oo@toll-analysis.example,1.80,2.60,6.50,9.10
OO,Western Corridor,OO20,Σταθμός Διοδίων Καλαβρύτων Πλευρικά (Προς Αθήνα),ΠΛ,Αχαΐας-Τράπεζα,Α/Δ Κορίνθου-Πατρών,38.17461,22.23961,operator-oo@toll-analysis.example,1.80,2.60,6.50,9.10
OO,Western Corridor,OO21,Σταθμός Διοδίων Αγίων Θεοδώρων Πλευρικά (Από Αθήνα),ΠΛ,Κορινθίας-Άγιοι Θεόδωροι,Α/Δ Αθηνών-Κορίνθου,37.92207,23.11896,operator-oo@toll-analysis.example,0.40,0.60,1.50,2.10
OO,Western Corridor,OO22,Σταθμός Διοδίων Αγίων Θεοδώρων Πλευρικά (Προς Αθήνα),ΠΛ,Κορινθίας-Άγιοι Θεόδωροι,Α/Δ Αθηνών-Κορίνθου,37.92194,23.11967,operator-oo@toll-analysis.example,0.40,0.60,1.50,2.10
OO,Western Corridor,OO23,Σταθμός Διοδίων Δερβενίου Πλευρικά (Από Αθήνα),ΠΛ,Κορινθίας-Δερβένι,Α/Δ Κορίνθου-Πατρών,38.13183,22.40492,operator-oo@toll-analysis.example,1.00,1.40,3.60,5.10
OO,Western Corridor,OO24,Σταθμός Διοδίων Δερβενίου Πλευρικά (Προς Αθήνα),ΠΛ,Κορινθίας-Δερβένι,Α/Δ Κορίνθου-Πατρών,38.13193,22.40525,operator-oo@toll-analysis.example,1.00,1.40,3.60,5.10
OO,Western Corridor,OO25,Σταθμός Διοδίων Ζευγολατιού Πλευρικά (Από Αθήνα),ΠΛ,Κορινθίας-Ζευγολατιό,Α/Δ Κορίνθου-Πατρών,37.93143,22.78815,operator-oo@toll-analysis.example,0.50,0.80,2.00,2.90
OO,Western Corridor,OO26,Σταθμός Διοδίων Ζευγολατιού Πλευρικά (Προς Αθήνα),ΠΛ,Κορινθίας-Ζευγολατιό,Α/Δ Κορίνθου-Πατρών,37.93128,22.78786,operator-oo@toll-analysis.example,0.50,0.80,2.00,2.90
OO,Western Corridor,OO27,Σταθμός Διοδίων Κιάτου Πλευρικά (Από Πάτρα),ΠΛ,Κορινθίας-Κιάτο,Α/Δ Κορίνθου-Πατρών,38.00783,22.73326,operator-oo@toll-analysis.example,0.60,0.90,2.40,3.30
OO,Western Corridor,OO28,Σταθμός Διοδίων Κιάτου Πλευρικά (Προς Το σπίτι μου),ΠΛ,Κορινθίας-Κιάτο,Α/Δ Κορίνθου-Πατρών,38.00783,22.73354,operator-oo@toll-analysis.example,0.60,0.90,2.40,3.30